RecordNo,AgentId,AgentUserName,S1M1,S1M2,S1M3,S1M4,S1M5,S1M6,S1M7,S1M8,S1M9,S1M10,S2M1,S2M2,S2M3,S2M4,S2M5,S2M6,S2M7,S2M8,S2M9,S2M10,S3M1,S3M2,S3M3,S3M4,S3M5,S3M6,S3M7,S3M8,S3M9,S3M10,S4M1,S4M2,S4M3,S4M4,S4M5,S4M6,S4M7,S4M8,S4M9,S4M10,S5M1,S5M2,S5M3,S5M4,S5M5,S5M6,S5M7,S5M8,S5M9,S5M10,S6M1,S6M2,S6M3,S6M4,S6M5,S6M6,S6M7,S6M8,S6M9,S6M10,S7M1,S7M2,S7M3,S7M4,S7M5,S7M6,S7M7,S7M8,S7M9,S7M10,S8M1,S8M2,S8M3,S9M1,S9M2,S9M3,S9M4,S9M5,S9M6,S9M7,S9M8,S9M9,S9M10,S10,S11,S12,S13,S14A,S14B,RegionA
1136,55,Agent.07,104,112,108,NA,NA,NA,NA,NA,NA,NA,101,103,105,106,107,109,NA,NA,NA,NA,2,NA,3,1,2,2,3,2,3,NA,101,102,105,107,108,NA,NA,NA,NA,NA,101,102,104,105,107,NA,NA,NA,NA,NA,4,4,3,5,2,3,1,2,1,1,4,4,NA,NA,5,NA,5,3,NA,NA,107,106,NA,4,10,1,99,2,99,8,NA,8,NA,1987,103,104,101,145,145,32090214
1143,61,Agent.11,108,101,114,NA,NA,NA,NA,NA,NA,NA,103,107,110,NA,NA,NA,NA,NA,NA,NA,2,NA,1,NA,NA,NA,5,4,NA,2,103,104,105,109,110,NA,NA,NA,NA,NA,101,104,107,NA,NA,NA,NA,NA,NA,NA,5,4,2,5,4,3,4,4,4,2,NA,NA,2,3,5,NA,NA,NA,5,1,110,104,101,6,5,9,5,8,4,9,1,9,7,1992,104,102,101,150,150,32090281
1145,57,Agent.09,101,108,NA,NA,NA,NA,NA,NA,NA,NA,101,102,108,NA,NA,NA,NA,NA,NA,NA,3,3,NA,NA,NA,NA,NA,3,NA,NA,101,102,103,104,105,106,108,NA,NA,NA,101,103,105,108,NA,NA,NA,NA,NA,NA,5,5,3,NA,5,1,4,1,3,4,1,4,4,4,3,4,NA,2,NA,NA,110,105,NA,10,8,5,9,2,9,4,10,9,9,1982,102,104,101,100,100,32090284
1151,53,Agent.06,NA,NA,NA,NA,NA,NA,NA,NA,NA,NA,101,102,103,104,106,107,108,109,NA,NA,4,1,4,4,NA,4,1,3,4,NA,101,102,103,105,106,108,NA,NA,NA,NA,101,102,103,104,108,NA,NA,NA,NA,NA,5,NA,5,4,2,5,1,2,2,1,5,5,5,NA,4,3,NA,4,NA,NA,101,104,103,6,9,4,4,4,9,2,10,9,10,1981,104,101,101,250,275,32090290
1154,61,Agent.11,101,102,108,104,105,106,107,103,112,NA,NA,NA,NA,NA,NA,NA,NA,NA,NA,NA,4,3,3,NA,1,3,3,3,NA,NA,101,102,103,104,105,106,108,NA,NA,NA,101,106,107,NA,NA,NA,NA,NA,NA,NA,5,4,2,5,4,5,4,4,3,2,5,2,2,5,5,1,NA,4,NA,NA,109,104,NA,9,3,5,9,6,99,6,1,6,4,1965,103,103,101,180,180,32090305
1167,53,Agent.06,108,102,101,NA,NA,NA,NA,NA,NA,NA,101,102,103,104,105,106,107,108,NA,NA,4,5,4,3,3,2,2,4,NA,NA,101,102,104,106,108,NA,NA,NA,NA,NA,101,102,103,105,107,108,NA,NA,NA,NA,3,3,3,1,4,4,5,4,1,5,2,4,NA,3,NA,5,NA,2,NA,NA,200,NA,NA,5,4,10,3,9,3,4,3,8,2,1992,103,102,101,25,25,32090344
1191,55,Agent.07,NA,NA,NA,NA,NA,NA,NA,NA,NA,NA,101,102,103,104,105,106,107,108,NA,NA,2,1,3,3,3,1,4,2,NA,NA,101,102,103,104,105,106,108,NA,NA,NA,102,103,104,105,107,NA,NA,NA,NA,NA,5,2,1,5,1,5,4,2,2,2,1,4,4,3,1,5,NA,4,NA,NA,107,110,NA,3,10,4,9,1,7,7,NA,6,10,1956,102,101,101,7,7,32090428
1203,55,Agent.07,108,NA,NA,NA,NA,NA,NA,NA,NA,NA,103,106,NA,NA,NA,NA,NA,NA,NA,NA,NA,NA,4,NA,NA,5,NA,5,NA,NA,101,102,105,107,108,109,110,NA,NA,NA,101,102,107,NA,NA,NA,NA,NA,NA,NA,5,4,1,5,4,4,2,2,2,2,1,5,NA,NA,2,NA,4,2,5,5,105,NA,NA,9,5,3,9,9,5,7,4,5,3,1963,103,103,101,180,180,32090451
1218,55,Agent.07,111,NA,NA,NA,NA,NA,NA,NA,NA,NA,101,102,103,104,105,107,NA,NA,NA,NA,2,3,1,2,1,NA,2,NA,NA,NA,101,102,103,104,106,107,108,NA,NA,NA,101,102,103,106,108,NA,NA,NA,NA,NA,1,3,5,4,4,4,1,4,3,4,5,2,2,1,NA,4,5,5,NA,NA,109,103,102,9,NA,7,9,7,4,8,2,1,9,1995,104,102,101,41,41,32090454
1221,57,Agent.09,NA,NA,NA,NA,NA,NA,NA,NA,NA,NA,101,102,103,105,106,107,110,NA,NA,NA,5,3,3,NA,3,4,3,NA,NA,1,101,102,103,104,105,107,108,NA,NA,NA,101,102,103,104,106,107,108,NA,NA,NA,2,5,4,2,2,5,2,3,5,2,3,3,1,4,2,NA,3,4,NA,NA,107,103,NA,5,9,8,3,7,10,7,10,3,2,1987,103,103,101,18,18,32090459
1233,55,Agent.07,NA,NA,NA,NA,NA,NA,NA,NA,NA,NA,102,103,104,105,106,107,NA,NA,NA,NA,NA,5,4,1,5,3,1,NA,NA,NA,101,102,103,104,105,106,108,NA,NA,NA,101,102,104,106,108,NA,NA,NA,NA,NA,5,5,5,1,1,5,3,4,4,5,3,4,3,1,2,1,NA,5,NA,NA,109,NA,NA,6,4,NA,7,6,10,10,5,NA,8,1973,103,104,101,534,534,32090471
1234,57,Agent.09,108,101,118,116,105,103,NA,NA,NA,NA,102,103,104,105,106,107,NA,NA,NA,NA,1,5,3,4,1,4,3,3,NA,NA,101,102,103,104,108,NA,NA,NA,NA,NA,101,102,103,105,NA,NA,NA,NA,NA,NA,1,5,1,4,4,4,1,5,2,4,4,2,5,1,NA,NA,NA,3,NA,NA,104,106,109,9,7,9,7,4,9,9,8,5,9,1973,102,102,101,120,120,32090474
1236,55,Agent.07,NA,NA,NA,NA,NA,NA,NA,NA,NA,NA,101,102,103,104,106,107,NA,NA,NA,NA,5,2,3,2,NA,3,3,NA,NA,NA,101,102,104,105,107,NA,NA,NA,NA,NA,101,102,103,107,108,NA,NA,NA,NA,NA,4,5,4,4,5,2,5,4,3,5,5,3,NA,2,3,NA,3,NA,NA,NA,103,107,109,10,10,9,8,10,3,9,4,2,9,1967,104,104,101,100,120,32090478
1256,59,Agent.10,108,107,102,113,118,112,106,NA,NA,NA,103,104,105,106,107,NA,NA,NA,NA,NA,NA,1,3,1,2,2,3,3,NA,NA,101,102,104,105,107,NA,NA,NA,NA,NA,102,106,108,NA,NA,NA,NA,NA,NA,NA,5,5,4,5,1,4,4,2,1,1,3,1,NA,5,5,NA,3,NA,NA,NA,102,NA,NA,10,4,1,7,2,8,9,1,9,10,1999,104,101,101,150,150,32090506
1261,59,Agent.10,NA,NA,NA,NA,NA,NA,NA,NA,NA,NA,101,105,106,108,110,NA,NA,NA,NA,NA,3,NA,NA,NA,2,2,NA,1,NA,2,101,102,103,104,105,108,109,NA,NA,NA,101,102,103,104,106,107,108,NA,NA,NA,1,5,5,5,2,5,1,4,5,2,1,2,5,5,2,NA,NA,5,5,NA,103,NA,NA,9,9,2,4,9,9,4,3,8,7,1960,103,104,101,50,50,32090515
1271,45,Agent.02,NA,NA,NA,NA,NA,NA,NA,NA,NA,NA,103,104,105,106,107,NA,NA,NA,NA,NA,NA,NA,4,2,2,3,1,NA,NA,NA,101,102,103,104,105,106,107,NA,NA,NA,101,102,104,106,NA,NA,NA,NA,NA,NA,3,3,1,5,2,4,4,4,4,2,4,4,2,3,3,4,5,NA,NA,NA,108,105,NA,6,4,7,7,6,6,9,7,7,6,1972,104,105,101,10,20,32090525
1272,53,Agent.06,108,101,112,NA,NA,NA,NA,NA,NA,NA,102,103,104,105,106,107,NA,NA,NA,NA,2,5,5,3,1,4,1,1,NA,NA,101,102,107,108,NA,NA,NA,NA,NA,NA,101,102,105,NA,NA,NA,NA,NA,NA,NA,1,1,5,4,2,2,4,4,2,1,4,4,NA,NA,NA,NA,3,4,NA,NA,106,101,103,2,9,6,5,9,9,7,2,2,5,1979,102,103,101,40,40,32090532
1286,45,Agent.02,NA,NA,NA,NA,NA,NA,NA,NA,NA,NA,103,104,107,NA,NA,NA,NA,NA,NA,NA,NA,NA,4,4,NA,NA,5,NA,NA,NA,101,102,103,106,NA,NA,NA,NA,NA,NA,102,103,104,107,108,NA,NA,NA,NA,NA,5,5,5,5,4,4,5,1,1,3,2,5,5,NA,NA,3,NA,NA,NA,NA,101,105,NA,4,9,3,4,9,1,5,5,6,8,1956,104,102,101,50,50,32090576
1292,45,Agent.02,106,108,NA,NA,NA,NA,NA,NA,NA,NA,101,102,103,104,106,107,NA,NA,NA,NA,2,2,3,4,NA,2,2,5,NA,NA,101,102,103,104,105,106,107,108,NA,NA,102,103,104,105,107,NA,NA,NA,NA,NA,2,5,5,5,1,4,2,4,5,5,3,2,1,4,4,5,3,4,NA,NA,109,106,NA,1,3,5,10,7,8,6,9,5,3,1964,103,104,101,125,125,32090650
1293,47,Agent.03,119,105,NA,NA,NA,NA,NA,NA,NA,NA,NA,NA,NA,NA,NA,NA,NA,NA,NA,NA,NA,NA,NA,NA,3,NA,NA,NA,NA,NA,101,102,103,104,106,107,NA,NA,NA,NA,101,102,104,106,108,NA,NA,NA,NA,NA,5,3,5,5,1,4,5,3,1,2,4,3,2,1,NA,1,5,NA,NA,NA,104,110,NA,6,8,5,6,6,10,9,3,NA,10,1994,104,101,101,420,420,32090653
1294,57,Agent.09,108,105,102,101,NA,NA,NA,NA,NA,NA,101,102,103,104,105,106,107,NA,NA,NA,4,3,4,2,5,3,4,2,NA,NA,101,102,103,104,105,106,107,108,110,NA,102,103,104,105,107,108,NA,NA,NA,NA,2,5,1,5,4,5,1,4,2,4,3,4,1,4,4,3,4,2,NA,5,110,101,NA,10,8,10,4,7,8,7,6,1,6,1990,104,102,101,27,27,32090655
1295,59,Agent.10,101,108,102,NA,NA,NA,NA,NA,NA,NA,101,105,106,108,NA,NA,NA,NA,NA,NA,1,1,NA,NA,3,4,NA,2,NA,NA,102,104,106,107,108,NA,NA,NA,NA,NA,101,102,103,104,108,NA,NA,NA,NA,NA,5,2,4,4,5,3,4,3,3,2,NA,5,NA,4,NA,4,1,4,NA,NA,105,101,103,2,5,1,2,4,8,2,10,1,9,1985,104,104,101,180,180,32090661
1319,51,Agent.05,117,108,101,102,NA,NA,NA,NA,NA,NA,102,104,106,107,110,NA,NA,NA,NA,NA,2,3,NA,2,NA,3,4,5,NA,1,101,102,103,105,106,107,NA,NA,NA,NA,101,104,106,NA,NA,NA,NA,NA,NA,NA,2,5,5,5,1,4,1,4,3,2,4,1,1,NA,3,4,1,NA,NA,NA,108,102,NA,9,3,5,7,9,9,7,4,7,2,1968,104,103,101,130,130,32090745
1322,47,Agent.03,NA,NA,NA,NA,NA,NA,NA,NA,NA,NA,101,102,103,104,105,106,108,NA,NA,NA,5,5,2,3,3,4,NA,1,NA,NA,101,102,104,105,107,108,NA,NA,NA,NA,101,103,104,105,106,108,NA,NA,NA,NA,5,5,5,4,4,1,5,4,4,2,4,5,NA,1,1,NA,5,2,NA,NA,102,110,105,8,8,6,4,4,7,7,1,4,10,1959,103,104,101,65,65,32090749
1327,45,Agent.02,NA,NA,NA,NA,NA,NA,NA,NA,NA,NA,102,103,104,105,106,107,109,NA,NA,NA,NA,2,4,1,4,3,NA,NA,4,NA,101,102,103,104,106,108,NA,NA,NA,NA,101,106,NA,NA,NA,NA,NA,NA,NA,NA,1,5,4,5,5,3,1,1,1,1,5,1,2,1,NA,2,NA,2,NA,NA,110,NA,NA,9,6,9,6,8,8,7,10,9,4,1961,104,102,101,31,31,32090767
1356,114,Agent.13,106,105,102,101,116,NA,NA,NA,NA,NA,102,103,104,105,106,107,NA,NA,NA,NA,3,3,1,3,4,3,3,NA,NA,NA,101,102,103,104,105,107,110,NA,NA,NA,101,102,103,104,105,107,108,NA,NA,NA,1,5,5,5,5,2,4,4,4,1,2,5,1,3,2,NA,3,NA,NA,3,200,NA,NA,7,5,9,8,5,10,NA,5,10,10,1957,104,101,101,100,100,32090826
1358,114,Agent.13,NA,NA,NA,NA,NA,NA,NA,NA,NA,NA,102,103,104,105,106,107,110,NA,NA,NA,NA,5,2,5,4,3,4,NA,NA,3,101,102,105,108,NA,NA,NA,NA,NA,NA,101,103,106,108,NA,NA,NA,NA,NA,NA,1,5,4,4,1,3,4,2,5,5,4,1,NA,NA,4,NA,NA,5,NA,NA,103,101,NA,3,4,2,9,9,10,9,10,6,5,1966,103,101,101,200,200,32090850
1364,57,Agent.09,NA,NA,NA,NA,NA,NA,NA,NA,NA,NA,101,102,NA,NA,NA,NA,NA,NA,NA,NA,2,5,NA,NA,NA,NA,NA,NA,NA,NA,101,102,103,105,107,NA,NA,NA,NA,NA,101,102,103,104,105,106,107,108,NA,NA,5,2,5,5,5,2,1,4,4,3,4,5,2,NA,4,NA,5,NA,NA,NA,109,103,NA,7,9,10,5,4,10,2,3,4,NA,1976,104,104,101,100,100,32090884
1375,53,Agent.06,102,115,NA,NA,NA,NA,NA,NA,NA,NA,101,103,106,108,NA,NA,NA,NA,NA,NA,1,3,5,NA,NA,4,NA,3,NA,NA,102,103,104,105,107,108,NA,NA,NA,NA,101,102,103,105,NA,NA,NA,NA,NA,NA,1,2,5,5,2,4,5,4,3,1,NA,2,4,2,4,NA,1,2,NA,NA,106,NA,NA,5,NA,3,3,10,2,9,5,2,8,1984,104,101,101,NA,NA,32090899
1377,114,Agent.13,108,101,102,104,NA,NA,NA,NA,NA,NA,101,102,103,104,105,107,NA,NA,NA,NA,3,2,3,4,3,NA,1,3,NA,NA,101,102,103,104,105,106,107,NA,NA,NA,101,103,106,107,NA,NA,NA,NA,NA,NA,3,4,3,4,3,2,4,3,4,3,5,5,3,3,2,5,2,NA,NA,NA,110,101,NA,10,9,6,NA,5,1,7,7,9,6,1966,104,101,101,10,10,32090904
1382,114,Agent.13,101,103,108,NA,NA,NA,NA,NA,NA,NA,101,102,103,107,108,NA,NA,NA,NA,NA,5,3,2,NA,NA,NA,4,3,NA,NA,101,102,103,104,107,NA,NA,NA,NA,NA,102,105,106,108,109,NA,NA,NA,NA,NA,4,4,5,5,5,4,1,4,4,2,2,5,2,2,NA,NA,5,NA,NA,NA,107,NA,NA,8,9,8,10,1,5,4,9,8,1,1971,104,105,101,7,7,32090921
1393,61,Agent.11,108,102,101,105,NA,NA,NA,NA,NA,NA,101,107,NA,NA,NA,NA,NA,NA,NA,NA,4,3,NA,NA,3,NA,4,3,NA,NA,101,102,104,105,107,NA,NA,NA,NA,NA,101,102,104,105,106,107,108,NA,NA,NA,5,5,2,5,4,1,1,1,1,1,2,4,NA,2,1,NA,2,NA,NA,NA,101,106,NA,9,7,9,NA,3,8,10,1,5,4,1976,101,104,101,20,20,32091044
1403,61,Agent.11,108,101,118,116,105,103,NA,NA,NA,NA,103,105,106,107,108,NA,NA,NA,NA,NA,3,NA,3,NA,3,4,2,3,NA,NA,101,102,103,105,106,NA,NA,NA,NA,NA,101,102,103,104,105,NA,NA,NA,NA,NA,3,5,5,1,2,3,1,2,3,5,4,4,4,NA,3,3,NA,NA,NA,NA,105,103,NA,2,9,10,NA,7,3,1,6,7,5,1983,104,104,101,NA,NA,32091077
1404,53,Agent.06,117,118,NA,NA,NA,NA,NA,NA,NA,NA,103,104,105,106,107,NA,NA,NA,NA,NA,NA,NA,1,4,4,3,3,NA,NA,NA,102,104,105,106,107,108,NA,NA,NA,NA,101,102,103,104,106,107,NA,NA,NA,NA,5,5,4,2,3,3,5,3,2,4,NA,1,NA,1,1,2,3,4,NA,NA,110,102,NA,6,7,1,1,5,4,8,NA,9,1,1966,104,104,101,6,6,32091095
1412,61,Agent.11,108,106,119,NA,NA,NA,NA,NA,NA,NA,101,102,103,105,108,110,NA,NA,NA,NA,4,5,1,NA,1,4,NA,4,NA,2,101,102,104,105,107,NA,NA,NA,NA,NA,101,103,104,105,108,NA,NA,NA,NA,NA,5,1,5,1,2,1,1,1,1,1,2,2,NA,3,2,NA,3,NA,NA,NA,103,NA,NA,9,9,3,5,2,9,1,8,7,8,1961,104,103,101,290,290,32091114
1413,51,Agent.05,NA,NA,NA,NA,NA,NA,NA,NA,NA,NA,101,105,106,108,NA,NA,NA,NA,NA,NA,4,NA,NA,NA,5,4,NA,2,NA,NA,101,102,103,106,107,108,NA,NA,NA,NA,101,103,104,106,107,108,NA,NA,NA,NA,2,1,5,2,4,2,2,4,5,3,5,5,3,NA,NA,5,1,5,NA,NA,109,107,NA,8,2,9,4,9,8,4,10,10,9,1961,104,103,101,167,167,32091126
1430,61,Agent.11,103,108,101,102,106,NA,NA,NA,NA,NA,102,103,104,106,107,110,NA,NA,NA,NA,3,5,2,1,NA,3,3,1,NA,1,101,102,103,105,NA,NA,NA,NA,NA,NA,101,103,104,NA,NA,NA,NA,NA,NA,NA,4,5,5,1,4,4,4,3,4,2,2,4,4,NA,3,NA,NA,NA,NA,NA,102,110,NA,8,8,1,1,9,9,1,2,3,NA,1971,104,105,101,NA,NA,32091209
1450,47,Agent.03,NA,NA,NA,NA,NA,NA,NA,NA,NA,NA,101,102,103,104,105,106,107,108,NA,NA,2,3,4,4,1,2,3,4,NA,NA,101,102,103,105,106,107,NA,NA,NA,NA,102,104,109,110,NA,NA,NA,NA,NA,NA,1,5,5,4,1,4,4,2,4,4,1,3,4,NA,2,3,2,NA,NA,NA,101,109,110,2,9,6,4,3,10,6,9,4,NA,1972,104,103,101,20,20,32091257
1469,59,Agent.10,104,105,106,108,NA,NA,NA,NA,NA,NA,103,105,106,107,109,NA,NA,NA,NA,NA,NA,NA,2,2,4,4,4,2,1,NA,101,109,110,NA,NA,NA,NA,NA,NA,NA,101,102,103,104,105,106,107,NA,NA,NA,5,5,1,4,4,5,4,4,2,5,4,NA,NA,NA,NA,NA,NA,NA,5,3,102,NA,NA,5,1,8,6,6,3,10,6,1,10,1971,104,104,101,NA,NA,32091312
1475,57,Agent.09,108,105,NA,NA,NA,NA,NA,NA,NA,NA,102,104,105,NA,NA,NA,NA,NA,NA,NA,NA,4,NA,2,2,NA,NA,2,NA,NA,101,102,103,106,108,NA,NA,NA,NA,NA,102,103,104,105,106,NA,NA,NA,NA,NA,5,1,4,3,4,3,3,4,1,1,2,5,4,NA,NA,3,NA,4,NA,NA,103,NA,NA,9,10,5,1,1,10,3,7,NA,7,1977,103,103,101,220,220,32091322
1476,47,Agent.03,117,108,101,102,NA,NA,NA,NA,NA,NA,102,105,107,NA,NA,NA,NA,NA,NA,NA,1,4,NA,NA,2,NA,2,3,NA,NA,101,102,103,104,105,106,107,NA,NA,NA,101,102,103,104,106,107,108,NA,NA,NA,1,5,5,5,1,5,4,4,4,4,5,1,4,5,4,2,2,NA,NA,NA,104,105,NA,7,7,7,3,1,7,9,5,2,9,1966,104,102,101,NA,NA,32091326
1477,114,Agent.13,108,106,101,103,112,NA,NA,NA,NA,NA,101,102,103,104,105,106,107,108,NA,NA,2,4,1,3,4,3,5,4,NA,NA,101,102,103,105,108,110,NA,NA,NA,NA,101,103,104,106,107,108,NA,NA,NA,NA,5,5,3,5,1,1,1,2,3,5,3,2,3,NA,2,NA,NA,3,NA,1,102,108,109,10,9,4,5,NA,10,4,6,6,NA,1976,104,102,101,5,5,32091332
1490,63,Agent.12,108,101,NA,NA,NA,NA,NA,NA,NA,NA,102,104,106,107,NA,NA,NA,NA,NA,NA,1,5,NA,2,NA,4,4,2,NA,NA,101,102,103,105,NA,NA,NA,NA,NA,NA,101,102,103,105,106,107,108,NA,NA,NA,1,5,1,4,1,4,5,3,1,2,2,3,3,NA,4,NA,NA,NA,NA,NA,106,105,NA,8,2,9,3,8,9,10,2,NA,10,1973,103,105,101,110,110,32091415
1501,63,Agent.12,104,114,105,108,NA,NA,NA,NA,NA,NA,102,103,104,107,NA,NA,NA,NA,NA,NA,NA,2,4,5,1,NA,2,1,NA,NA,101,102,103,105,106,107,NA,NA,NA,NA,103,104,NA,NA,NA,NA,NA,NA,NA,NA,2,1,3,1,5,2,4,2,2,2,1,4,5,NA,5,5,5,NA,NA,NA,101,105,107,9,8,10,6,7,9,3,3,3,1,1966,104,105,101,154,154,32091426
1503,59,Agent.10,108,101,NA,NA,NA,NA,NA,NA,NA,NA,101,102,NA,NA,NA,NA,NA,NA,NA,NA,4,3,NA,NA,NA,NA,NA,4,NA,NA,101,102,103,104,106,108,NA,NA,NA,NA,101,102,103,104,106,NA,NA,NA,NA,NA,2,5,5,4,4,5,1,4,5,4,3,1,1,2,NA,5,NA,3,NA,NA,104,110,107,6,10,7,4,2,1,3,10,7,6,1967,104,103,101,90,90,32091428
1508,63,Agent.12,108,101,104,103,NA,NA,NA,NA,NA,NA,101,102,103,104,105,106,107,108,NA,NA,3,3,2,3,5,1,4,2,NA,NA,101,102,103,104,105,106,107,108,NA,NA,101,103,104,105,106,107,108,NA,NA,NA,5,5,5,4,1,4,4,1,2,4,5,3,3,1,5,4,2,3,NA,NA,110,106,NA,6,4,9,9,6,10,9,1,8,2,1976,104,103,101,165,165,32091434
1529,59,Agent.10,108,NA,NA,NA,NA,NA,NA,NA,NA,NA,101,105,NA,NA,NA,NA,NA,NA,NA,NA,4,NA,NA,NA,2,NA,NA,4,NA,NA,101,102,103,105,107,108,NA,NA,NA,NA,102,105,108,NA,NA,NA,NA,NA,NA,NA,5,4,4,4,4,4,4,5,2,1,3,3,4,NA,1,NA,5,5,NA,NA,105,109,101,10,99,9,3,5,10,2,7,6,4,1966,104,102,101,210,210,32091458
1531,114,Agent.13,NA,NA,NA,NA,NA,NA,NA,NA,NA,NA,109,110,NA,NA,NA,NA,NA,NA,NA,NA,NA,NA,NA,NA,NA,NA,NA,NA,5,3,101,103,105,107,108,NA,NA,NA,NA,NA,101,104,105,106,110,NA,NA,NA,NA,NA,5,4,1,4,1,4,4,3,4,5,2,NA,1,NA,2,NA,2,2,NA,NA,101,102,NA,9,3,2,6,6,6,8,2,7,8,1981,104,104,101,101,90,32091460
1540,114,Agent.13,104,114,106,108,NA,NA,NA,NA,NA,NA,101,102,104,105,106,108,109,NA,NA,NA,1,4,NA,4,2,2,NA,2,1,NA,102,103,104,105,107,NA,NA,NA,NA,NA,101,102,105,106,NA,NA,NA,NA,NA,NA,5,4,4,3,2,3,5,4,4,5,NA,3,1,2,5,NA,5,NA,NA,NA,108,107,NA,5,7,2,9,7,9,10,7,2,5,1954,104,104,101,370,370,32091481
1548,47,Agent.03,114,102,101,NA,NA,NA,NA,NA,NA,NA,101,102,103,104,105,106,107,108,NA,NA,2,3,3,4,2,3,3,2,NA,NA,101,102,103,104,107,108,NA,NA,NA,NA,101,102,103,106,107,NA,NA,NA,NA,NA,1,1,2,5,5,1,1,5,3,2,2,4,4,4,NA,NA,5,4,NA,NA,105,108,NA,2,9,10,6,1,9,4,8,NA,NA,1982,104,105,101,138,138,32091536
1567,59,Agent.10,108,105,NA,NA,NA,NA,NA,NA,NA,NA,101,107,110,NA,NA,NA,NA,NA,NA,NA,4,NA,NA,NA,2,NA,4,2,NA,4,101,102,103,105,106,107,108,NA,NA,NA,106,107,108,110,NA,NA,NA,NA,NA,NA,1,5,1,5,4,4,1,5,2,2,4,4,1,NA,1,5,3,2,NA,NA,101,109,106,9,9,9,5,6,8,9,2,3,6,1992,104,104,101,8,8,32091556
1575,114,Agent.13,108,116,101,NA,NA,NA,NA,NA,NA,NA,102,103,104,105,106,NA,NA,NA,NA,NA,4,4,4,2,3,1,NA,5,NA,NA,101,102,103,105,107,NA,NA,NA,NA,NA,101,102,103,104,NA,NA,NA,NA,NA,NA,5,5,5,4,5,4,4,3,4,4,3,1,1,NA,5,NA,1,NA,NA,NA,200,NA,NA,10,4,4,3,7,5,3,NA,7,3,1975,104,101,101,550,550,32091586
1578,63,Agent.12,103,108,101,102,106,NA,NA,NA,NA,NA,101,102,103,107,NA,NA,NA,NA,NA,NA,4,5,5,NA,NA,3,5,2,NA,NA,101,102,103,104,106,107,108,NA,NA,NA,104,109,110,NA,NA,NA,NA,NA,NA,NA,2,3,1,3,4,3,4,3,3,3,5,2,5,2,NA,4,2,2,NA,NA,102,110,101,8,10,4,2,NA,3,6,NA,9,4,1960,104,104,101,460,460,32091591
1581,63,Agent.12,101,108,102,NA,NA,NA,NA,NA,NA,NA,101,102,103,104,106,NA,NA,NA,NA,NA,3,2,2,5,NA,4,NA,1,NA,NA,101,104,106,107,NA,NA,NA,NA,NA,NA,103,106,107,108,NA,NA,NA,NA,NA,NA,5,1,5,4,4,4,4,4,5,3,5,NA,NA,2,NA,1,4,NA,NA,NA,109,NA,NA,10,7,2,9,10,9,10,9,3,5,1971,104,104,101,124,124,32091598
1588,63,Agent.12,110,NA,NA,NA,NA,NA,NA,NA,NA,NA,102,104,105,107,NA,NA,NA,NA,NA,NA,NA,2,NA,3,1,NA,2,NA,NA,4,102,103,105,107,NA,NA,NA,NA,NA,NA,101,102,105,NA,NA,NA,NA,NA,NA,NA,5,2,1,5,1,4,1,1,3,1,NA,1,1,NA,3,NA,1,NA,NA,NA,105,110,102,9,4,4,2,9,3,9,5,NA,8,1986,104,103,101,8,8,32091637
1591,55,Agent.07,NA,NA,NA,NA,NA,NA,NA,NA,NA,NA,101,102,103,104,105,106,107,108,NA,NA,4,2,3,3,5,2,2,4,NA,NA,101,103,104,106,107,108,NA,NA,NA,NA,101,102,105,106,107,NA,NA,NA,NA,NA,5,5,2,5,4,5,2,3,1,1,1,NA,1,4,NA,2,5,5,NA,NA,102,106,104,6,10,5,9,1,6,9,8,6,3,1990,104,104,101,56,56,32091649
1599,45,Agent.02,114,101,NA,NA,NA,NA,NA,NA,NA,NA,101,102,103,104,106,107,NA,NA,NA,NA,2,3,3,4,NA,2,3,NA,NA,NA,101,102,103,105,106,107,108,NA,NA,NA,103,107,109,110,NA,NA,NA,NA,NA,NA,1,4,4,5,5,4,4,4,2,4,5,1,3,NA,5,1,2,5,NA,NA,104,102,NA,2,1,1,9,7,9,9,9,7,1,1988,104,105,101,NA,NA,32091668
1605,57,Agent.09,NA,NA,NA,NA,NA,NA,NA,NA,NA,NA,102,103,104,105,106,107,NA,NA,NA,NA,NA,4,2,2,1,3,4,NA,NA,NA,101,102,103,105,106,108,NA,NA,NA,NA,101,102,106,107,NA,NA,NA,NA,NA,NA,3,5,5,3,1,3,2,4,1,1,1,2,3,NA,5,4,NA,5,NA,NA,101,103,NA,9,3,6,8,10,7,9,4,NA,1,1956,104,103,101,85,85,32091683
1634,61,Agent.11,108,116,101,105,106,NA,NA,NA,NA,NA,NA,NA,NA,NA,NA,NA,NA,NA,NA,NA,2,NA,NA,NA,2,4,NA,5,NA,NA,101,102,103,104,105,106,107,108,NA,NA,101,103,104,105,106,107,108,NA,NA,NA,2,5,5,5,4,4,2,2,3,3,4,3,3,4,1,3,5,1,NA,NA,110,108,104,6,8,8,8,8,9,9,9,4,7,1997,104,103,101,15,15,32091750
1638,57,Agent.09,NA,NA,NA,NA,NA,NA,NA,NA,NA,NA,101,102,103,105,107,NA,NA,NA,NA,NA,1,2,2,NA,5,NA,3,NA,NA,NA,102,103,105,106,107,NA,NA,NA,NA,NA,101,102,103,104,105,106,108,NA,NA,NA,5,5,5,2,4,2,5,5,5,1,NA,4,2,NA,5,2,2,NA,NA,NA,108,106,NA,4,3,4,1,1,6,7,5,10,10,1987,104,104,101,NA,NA,32091759
1653,51,Agent.05,108,105,102,NA,NA,NA,NA,NA,NA,NA,103,104,105,106,107,108,NA,NA,NA,NA,NA,4,5,2,4,4,4,1,NA,NA,101,102,104,108,NA,NA,NA,NA,NA,NA,102,103,104,105,107,108,NA,NA,NA,NA,5,1,5,4,3,3,1,4,5,5,5,2,NA,3,NA,NA,NA,3,NA,NA,104,NA,NA,10,6,9,6,8,7,9,6,8,4,1971,103,104,101,38,38,32091838
1666,40,Agent.UA,113,NA,NA,NA,NA,NA,NA,NA,NA,NA,102,103,104,107,NA,NA,NA,NA,NA,NA,NA,4,4,2,NA,NA,5,NA,NA,NA,101,102,103,104,105,106,NA,NA,NA,NA,101,103,104,107,NA,NA,NA,NA,NA,NA,2,1,4,1,4,4,4,4,3,4,5,3,3,2,1,3,NA,NA,NA,NA,108,NA,NA,9,3,8,7,3,2,5,7,6,1,1965,104,103,101,42,42,32091959
1672,55,Agent.07,108,101,102,106,NA,NA,NA,NA,NA,NA,NA,NA,NA,NA,NA,NA,NA,NA,NA,NA,2,2,NA,NA,NA,2,NA,5,NA,NA,101,103,104,105,106,107,NA,NA,NA,NA,102,103,104,105,107,NA,NA,NA,NA,NA,5,5,4,4,3,4,1,4,4,2,4,NA,3,5,1,3,3,NA,NA,NA,103,107,NA,10,8,1,4,8,10,8,3,8,1,1955,104,104,101,300,300,32092021
1694,61,Agent.11,108,106,105,101,NA,NA,NA,NA,NA,NA,101,102,104,105,108,NA,NA,NA,NA,NA,3,4,NA,4,2,4,NA,2,NA,NA,101,102,103,104,105,106,107,108,NA,NA,101,102,105,106,108,NA,NA,NA,NA,NA,5,4,1,5,4,5,5,5,5,2,3,3,2,5,4,4,3,3,NA,NA,109,NA,NA,9,7,4,4,2,9,9,10,9,6,1993,104,103,101,557,607,32092098
1705,57,Agent.09,NA,NA,NA,NA,NA,NA,NA,NA,NA,NA,103,104,106,107,NA,NA,NA,NA,NA,NA,NA,NA,1,3,NA,2,2,NA,NA,NA,101,102,103,104,105,106,107,NA,NA,NA,107,108,109,110,NA,NA,NA,NA,NA,NA,5,2,3,5,5,5,1,4,4,2,3,1,3,1,2,4,2,NA,NA,NA,105,107,NA,9,2,8,5,6,1,7,5,1,6,1986,104,101,101,32,32,32092132
1710,53,Agent.06,101,108,119,105,103,NA,NA,NA,NA,NA,101,102,105,106,108,NA,NA,NA,NA,NA,2,4,2,NA,3,3,NA,2,NA,NA,101,102,103,104,105,NA,NA,NA,NA,NA,101,102,105,NA,NA,NA,NA,NA,NA,NA,1,5,5,5,1,3,4,3,4,1,1,5,5,4,2,NA,NA,NA,NA,NA,109,103,NA,4,9,8,2,9,9,9,7,7,1,1964,104,103,101,86,86,32092151
1712,51,Agent.05,108,105,101,NA,NA,NA,NA,NA,NA,NA,101,102,103,105,107,NA,NA,NA,NA,NA,4,4,5,NA,2,NA,5,1,NA,NA,101,102,103,107,NA,NA,NA,NA,NA,NA,102,103,104,105,108,NA,NA,NA,NA,NA,5,4,5,4,4,2,4,4,2,5,1,2,1,NA,NA,NA,5,NA,NA,NA,108,NA,NA,9,8,8,5,8,10,4,2,NA,9,1985,104,103,101,25,25,32092165
1719,57,Agent.09,NA,NA,NA,NA,NA,NA,NA,NA,NA,NA,102,103,104,106,107,NA,NA,NA,NA,NA,NA,4,3,3,NA,2,3,NA,NA,NA,101,102,103,105,108,NA,NA,NA,NA,NA,101,102,105,107,NA,NA,NA,NA,NA,NA,5,4,5,4,4,3,1,4,2,1,1,4,1,NA,2,NA,NA,4,NA,NA,103,NA,NA,9,7,3,3,4,2,7,8,NA,5,1999,104,105,101,500,500,32092233
1739,57,Agent.09,112,105,108,102,NA,NA,NA,NA,NA,NA,101,103,104,106,107,109,NA,NA,NA,NA,5,3,1,1,3,4,3,4,5,NA,101,102,104,105,106,107,NA,NA,NA,NA,101,102,103,104,105,NA,NA,NA,NA,NA,1,2,NA,5,3,2,1,4,1,1,2,3,NA,2,1,4,4,NA,NA,NA,102,105,NA,1,6,NA,NA,7,9,4,9,8,5,1994,104,102,101,NA,NA,32092268
1740,57,Agent.09,108,101,118,102,105,NA,NA,NA,NA,NA,110,NA,NA,NA,NA,NA,NA,NA,NA,NA,2,3,NA,NA,2,NA,NA,3,NA,1,101,102,103,106,107,NA,NA,NA,NA,NA,101,102,104,105,NA,NA,NA,NA,NA,NA,1,1,5,5,2,3,NA,2,5,4,1,4,3,NA,NA,1,5,NA,NA,NA,103,107,109,10,6,1,1,4,3,7,5,10,1,1980,104,102,101,163,163,32092271
1752,47,Agent.03,101,108,111,106,NA,NA,NA,NA,NA,NA,NA,NA,NA,NA,NA,NA,NA,NA,NA,NA,4,NA,NA,NA,NA,1,NA,2,NA,NA,101,102,103,104,105,106,108,NA,NA,NA,101,102,103,104,105,107,108,NA,NA,NA,5,1,1,5,5,1,1,1,5,4,3,4,5,3,2,3,NA,1,NA,NA,108,103,109,10,9,6,5,6,7,5,1,2,5,1982,104,103,101,800,800,32092303
1777,61,Agent.11,108,102,NA,NA,NA,NA,NA,NA,NA,NA,101,103,104,105,106,107,NA,NA,NA,NA,5,1,2,4,3,2,3,2,NA,NA,101,102,104,105,106,107,NA,NA,NA,NA,101,103,NA,NA,NA,NA,NA,NA,NA,NA,3,5,3,5,5,4,4,2,2,3,1,4,NA,3,2,3,3,NA,NA,NA,102,106,101,10,10,3,6,5,9,6,6,9,6,1988,104,102,101,360,360,32092336
1792,61,Agent.11,108,106,105,101,NA,NA,NA,NA,NA,NA,102,103,104,107,110,NA,NA,NA,NA,NA,4,5,3,4,2,1,2,5,NA,1,101,103,104,105,106,108,NA,NA,NA,NA,101,103,106,107,108,NA,NA,NA,NA,NA,3,5,5,5,5,1,5,2,1,5,3,NA,5,1,1,4,NA,2,NA,NA,102,107,NA,7,7,10,7,10,10,8,NA,4,2,1997,102,105,101,300,300,32092344
1851,57,Agent.09,NA,NA,NA,NA,NA,NA,NA,NA,NA,NA,101,102,103,104,105,106,107,108,NA,NA,5,4,3,3,1,4,3,2,NA,NA,101,102,103,104,NA,NA,NA,NA,NA,NA,101,103,104,107,108,NA,NA,NA,NA,NA,1,5,1,5,3,3,5,2,5,2,1,1,2,3,NA,NA,NA,NA,NA,NA,104,107,103,10,8,6,3,8,2,7,NA,3,8,1966,104,105,101,500,500,32092376
1860,57,Agent.09,NA,NA,NA,NA,NA,NA,NA,NA,NA,NA,NA,NA,NA,NA,NA,NA,NA,NA,NA,NA,NA,NA,NA,NA,NA,NA,NA,NA,NA,NA,101,102,103,105,106,107,108,NA,NA,NA,102,103,106,107,109,NA,NA,NA,NA,NA,2,1,5,5,3,2,5,4,4,5,3,3,1,NA,1,3,1,2,NA,NA,108,NA,NA,10,4,2,7,2,6,8,5,4,7,1987,104,102,101,10,10,32092383
1863,57,Agent.09,NA,NA,NA,NA,NA,NA,NA,NA,NA,NA,101,105,109,110,NA,NA,NA,NA,NA,NA,2,NA,NA,NA,3,NA,NA,NA,3,3,101,102,103,104,106,110,NA,NA,NA,NA,102,103,104,105,106,108,NA,NA,NA,NA,3,4,4,4,4,4,4,1,4,1,5,2,1,5,NA,2,NA,NA,NA,4,110,105,NA,9,1,10,2,1,9,10,7,9,4,1998,104,105,101,20,20,32092389
1866,51,Agent.05,NA,NA,NA,NA,NA,NA,NA,NA,NA,NA,NA,NA,NA,NA,NA,NA,NA,NA,NA,NA,NA,NA,NA,NA,NA,NA,NA,NA,NA,NA,101,102,104,105,NA,NA,NA,NA,NA,NA,101,102,104,105,106,107,NA,NA,NA,NA,1,5,5,4,4,3,2,4,5,5,5,5,NA,4,2,NA,NA,NA,NA,NA,107,110,NA,9,9,10,5,1,4,8,3,6,9,1994,104,105,101,20,20,32092393
1870,45,Agent.02,114,108,NA,NA,NA,NA,NA,NA,NA,NA,101,102,103,106,107,109,NA,NA,NA,NA,4,3,3,NA,NA,2,4,4,3,NA,101,102,103,105,106,108,NA,NA,NA,NA,101,103,104,105,109,110,NA,NA,NA,NA,2,4,4,5,5,1,4,4,5,3,4,5,1,NA,2,4,NA,2,NA,NA,110,108,109,8,7,10,3,3,7,10,3,7,4,1997,104,105,101,111,111,32092405
1909,53,Agent.06,112,105,108,102,NA,NA,NA,NA,NA,NA,101,103,104,106,107,NA,NA,NA,NA,NA,3,3,5,1,4,3,4,4,NA,NA,101,102,104,105,106,107,108,NA,NA,NA,102,105,109,110,NA,NA,NA,NA,NA,NA,5,5,4,1,3,3,2,2,4,4,3,5,NA,3,4,2,4,4,NA,NA,109,NA,NA,8,4,2,4,4,10,5,NA,7,4,1975,104,105,101,115,115,32092416
1959,51,Agent.07,115,109,NA,NA,NA,NA,NA,NA,NA,NA,110,NA,NA,NA,NA,NA,NA,NA,NA,NA,NA,NA,NA,NA,NA,NA,NA,NA,NA,2,101,102,103,104,105,106,107,108,NA,NA,102,106,108,109,110,NA,NA,NA,NA,NA,1,2,2,4,2,3,1,2,3,1,2,3,3,3,3,1,2,1,NA,NA,101,108,NA,99,3,3,4,99,8,2,6,NA,1,1981,104,105,101,390,390,32092529
1971,45,Agent.11,108,109,105,104,NA,NA,NA,NA,NA,NA,102,101,110,NA,NA,NA,NA,NA,NA,NA,5,3,NA,1,5,NA,NA,5,2,3,103,109,106,104,101,108,NA,NA,NA,NA,110,NA,NA,NA,NA,NA,NA,NA,NA,NA,1,4,5,4,4,1,2,4,1,5,2,NA,2,5,NA,3,NA,5,3,NA,102,104,NA,10,8,8,9,6,NA,9,8,9,1,1963,104,104,101,45,90,32090254
1974,59,Agent.02,110,NA,NA,NA,NA,NA,NA,NA,NA,NA,103,102,NA,NA,NA,NA,NA,NA,NA,NA,NA,2,3,NA,NA,NA,NA,NA,NA,4,110,NA,NA,NA,NA,NA,NA,NA,NA,NA,104,107,110,103,105,NA,NA,NA,NA,NA,3,5,2,5,2,3,5,5,5,3,NA,NA,NA,NA,NA,NA,NA,NA,NA,3,107,NA,NA,2,1,1,4,9,4,3,7,10,5,1982,103,105,101,630,585,32090281
1978,51,Agent.03,102,104,110,107,105,NA,NA,NA,NA,NA,108,106,109,101,103,NA,NA,NA,NA,NA,4,4,3,5,1,4,4,3,2,4,101,NA,NA,NA,NA,NA,NA,NA,NA,NA,101,109,104,102,NA,NA,NA,NA,NA,NA,5,4,4,3,3,1,2,5,2,4,1,NA,NA,NA,NA,NA,NA,NA,NA,NA,110,NA,NA,4,7,2,9,4,3,1,4,4,6,1988,101,104,101,185,185,32090286
1984,59,Agent.03,104,107,NA,NA,NA,NA,NA,NA,NA,NA,101,110,106,108,105,NA,NA,NA,NA,NA,2,NA,NA,5,1,3,3,1,NA,5,106,101,103,107,NA,NA,NA,NA,NA,NA,101,110,106,107,109,NA,NA,NA,NA,NA,4,2,5,3,4,5,5,1,5,5,4,NA,5,NA,NA,1,2,NA,NA,NA,107,103,NA,5,1,8,10,3,4,4,NA,1,9,1991,102,103,101,NA,NA,32090305
1994,45,Agent.13,101,NA,NA,NA,NA,NA,NA,NA,NA,NA,110,102,109,104,108,103,NA,NA,NA,NA,3,5,NA,1,NA,NA,NA,4,2,2,101,109,102,107,104,108,106,NA,NA,NA,109,108,104,101,105,NA,NA,NA,NA,NA,3,5,2,5,3,5,3,1,5,1,2,4,NA,3,NA,1,5,2,3,NA,108,NA,NA,NA,5,3,4,1,6,2,7,5,4,1999,101,105,101,27,30,32090346
2000,40,Agent.07,102,107,105,106,110,NA,NA,NA,NA,NA,108,103,101,109,NA,NA,NA,NA,NA,NA,2,4,1,NA,3,3,5,1,1,2,108,106,109,110,107,102,NA,NA,NA,NA,110,108,105,102,109,NA,NA,NA,NA,NA,1,4,2,3,2,4,5,1,5,5,NA,5,NA,NA,NA,2,5,3,2,2,109,102,NA,3,5,8,6,6,10,8,10,1,4,1962,102,101,101,780,680,32090389
2004,61,Agent.11,102,104,109,108,NA,NA,NA,NA,NA,NA,105,101,107,106,NA,NA,NA,NA,NA,NA,2,1,NA,3,1,2,2,1,5,NA,110,102,105,108,106,NA,NA,NA,NA,NA,104,110,108,109,103,101,NA,NA,NA,NA,2,4,1,2,5,3,5,3,3,5,NA,4,NA,NA,1,5,NA,1,NA,1,102,NA,NA,4,7,99,NA,6,5,2,10,7,3,1973,102,101,101,10,10,32090395
2019,47,Agent.03,101,106,107,NA,NA,NA,NA,NA,NA,NA,110,109,NA,NA,NA,NA,NA,NA,NA,NA,5,NA,NA,NA,NA,4,1,NA,3,4,104,110,109,102,101,105,NA,NA,NA,NA,101,110,104,107,108,109,103,NA,NA,NA,2,2,2,4,2,4,2,3,3,4,3,5,NA,3,1,NA,NA,NA,2,5,101,NA,NA,3,1,4,4,9,9,8,1,4,NA,1999,102,102,101,NA,NA,32090435
2024,114,Agent.06,103,109,110,104,NA,NA,NA,NA,NA,NA,102,NA,NA,NA,NA,NA,NA,NA,NA,NA,NA,5,3,2,NA,NA,NA,NA,1,3,101,109,103,108,110,102,NA,NA,NA,NA,102,108,109,104,107,NA,NA,NA,NA,NA,2,3,1,2,3,5,4,1,5,4,3,3,1,NA,NA,NA,NA,3,3,4,108,109,NA,10,99,10,4,9,10,2,NA,1,9,1963,102,101,101,NA,NA,32090445
2026,45,Agent.15,106,NA,NA,NA,NA,NA,NA,NA,NA,NA,102,109,107,103,104,110,NA,NA,NA,NA,NA,1,2,1,NA,5,1,NA,4,4,103,107,104,NA,NA,NA,NA,NA,NA,NA,108,104,110,105,106,NA,NA,NA,NA,NA,5,2,1,1,1,5,4,1,5,3,NA,NA,3,5,NA,NA,5,NA,NA,NA,106,NA,NA,10,10,7,4,5,7,7,4,6,8,1957,103,102,101,52,52,32090451
2036,47,Agent.09,110,102,108,107,NA,NA,NA,NA,NA,NA,109,106,105,NA,NA,NA,NA,NA,NA,NA,NA,1,NA,NA,3,3,4,5,5,5,106,101,104,109,107,102,103,NA,NA,NA,110,105,NA,NA,NA,NA,NA,NA,NA,NA,4,3,2,1,4,4,1,5,5,NA,1,1,3,1,NA,4,5,NA,4,NA,105,110,NA,99,2,8,8,5,6,2,4,8,9,1941,102,104,101,450,390,32090468
2051,61,Agent.11,106,109,NA,NA,NA,NA,NA,NA,NA,NA,NA,NA,NA,NA,NA,NA,NA,NA,NA,NA,NA,NA,NA,NA,NA,5,NA,NA,5,NA,102,106,110,108,103,101,NA,NA,NA,NA,101,109,107,105,104,106,NA,NA,NA,NA,1,2,3,1,1,3,4,1,2,3,5,4,3,NA,NA,4,NA,4,NA,2,105,NA,NA,99,5,9,9,1,4,8,7,10,9,1976,104,101,101,380,500,32090486
2057,57,Agent.10,106,NA,NA,NA,NA,NA,NA,NA,NA,NA,103,105,102,108,109,NA,NA,NA,NA,NA,NA,2,2,NA,3,3,NA,5,1,NA,104,101,106,NA,NA,NA,NA,NA,NA,NA,109,NA,NA,NA,NA,NA,NA,NA,NA,NA,1,2,3,1,4,5,3,2,4,5,3,NA,NA,3,NA,3,NA,NA,NA,NA,106,NA,NA,9,10,99,7,2,9,9,8,6,5,1960,104,101,101,150,150,32090493
2061,63,Agent.07,108,101,105,NA,NA,NA,NA,NA,NA,NA,110,NA,NA,NA,NA,NA,NA,NA,NA,NA,5,NA,NA,NA,1,NA,NA,2,NA,3,108,102,104,101,109,105,107,NA,NA,NA,108,103,107,NA,NA,NA,NA,NA,NA,NA,5,2,3,4,1,1,2,2,2,4,4,4,NA,2,3,NA,4,3,4,NA,103,110,NA,10,99,8,4,8,9,10,NA,6,7,1953,102,105,101,NA,NA,32090506
2064,45,Agent.13,109,NA,NA,NA,NA,NA,NA,NA,NA,NA,110,106,107,108,NA,NA,NA,NA,NA,NA,NA,NA,NA,NA,NA,1,2,4,2,1,107,103,102,101,NA,NA,NA,NA,NA,NA,109,NA,NA,NA,NA,NA,NA,NA,NA,NA,4,1,4,2,4,2,2,3,2,2,2,1,3,NA,NA,NA,2,NA,NA,NA,101,105,107,4,10,3,2,99,NA,4,10,6,NA,1992,103,105,101,NA,NA,32090515
2069,51,Agent.06,103,108,102,NA,NA,NA,NA,NA,NA,NA,101,105,NA,NA,NA,NA,NA,NA,NA,NA,4,3,2,NA,1,NA,NA,4,NA,NA,103,102,NA,NA,NA,NA,NA,NA,NA,NA,101,110,106,107,108,109,104,NA,NA,NA,4,2,3,4,3,1,2,1,3,4,NA,1,4,NA,NA,NA,NA,NA,NA,NA,108,103,NA,9,7,3,99,8,1,8,10,4,10,1999,101,102,101,685,685,32090532
2070,47,Agent.02,104,109,NA,NA,NA,NA,NA,NA,NA,NA,107,110,108,103,102,105,NA,NA,NA,NA,NA,2,5,2,4,NA,4,5,1,1,109,102,101,108,103,107,105,NA,NA,NA,107,109,110,NA,NA,NA,NA,NA,NA,NA,2,4,5,4,1,5,4,3,2,4,3,2,5,NA,5,NA,2,5,2,NA,110,104,NA,5,5,3,8,NA,1,10,7,10,7,1937,102,105,101,450,400,32090542
2082,114,Agent.03,105,107,103,110,NA,NA,NA,NA,NA,NA,102,NA,NA,NA,NA,NA,NA,NA,NA,NA,NA,4,2,NA,5,NA,4,NA,NA,5,110,105,NA,NA,NA,NA,NA,NA,NA,NA,109,108,106,103,101,105,NA,NA,NA,NA,4,3,3,5,1,1,1,1,3,3,NA,NA,NA,NA,5,NA,NA,NA,NA,5,107,106,108,6,7,9,NA,2,5,8,1,2,6,1988,102,102,101,800,800,32090593
2083,40,Agent.15,109,105,NA,NA,NA,NA,NA,NA,NA,NA,NA,NA,NA,NA,NA,NA,NA,NA,NA,NA,NA,NA,NA,NA,1,NA,NA,NA,3,NA,107,108,105,110,106,103,NA,NA,NA,NA,106,109,104,103,110,102,NA,NA,NA,NA,3,3,3,1,2,5,2,4,5,3,NA,NA,4,NA,4,4,1,4,NA,3,101,NA,NA,8,1,10,10,3,2,5,7,NA,2,1964,103,103,101,271,271,32090606
2088,40,Agent.10,104,105,NA,NA,NA,NA,NA,NA,NA,NA,102,107,NA,NA,NA,NA,NA,NA,NA,NA,NA,2,NA,3,4,NA,2,NA,NA,NA,104,109,108,107,102,NA,NA,NA,NA,NA,101,NA,NA,NA,NA,NA,NA,NA,NA,NA,3,5,2,3,2,3,2,1,3,3,NA,5,NA,5,NA,NA,5,4,5,NA,109,105,NA,2,NA,2,9,1,6,1,3,7,8,1964,102,105,101,45,90,32090650
2101,114,Agent.13,101,NA,NA,NA,NA,NA,NA,NA,NA,NA,107,103,102,108,NA,NA,NA,NA,NA,NA,4,5,3,NA,NA,NA,2,2,NA,NA,105,NA,NA,NA,NA,NA,NA,NA,NA,NA,106,105,108,104,102,101,NA,NA,NA,NA,1,2,5,2,5,3,1,3,4,2,NA,NA,NA,NA,2,NA,NA,NA,NA,NA,103,NA,NA,7,99,9,99,7,1,9,8,10,3,1984,103,101,101,30,30,32090661
2124,63,Agent.05,106,108,NA,NA,NA,NA,NA,NA,NA,NA,105,110,103,NA,NA,NA,NA,NA,NA,NA,NA,NA,5,NA,4,1,NA,1,NA,3,102,107,106,109,103,NA,NA,NA,NA,NA,109,105,NA,NA,NA,NA,NA,NA,NA,NA,2,4,4,1,3,3,3,2,1,1,NA,2,2,NA,NA,4,2,NA,2,NA,106,107,NA,6,5,2,4,1,8,NA,NA,2,5,1976,102,104,101,NA,NA,32090767
2128,57,Agent.05,110,106,NA,NA,NA,NA,NA,NA,NA,NA,107,103,108,105,104,NA,NA,NA,NA,NA,NA,NA,4,5,4,3,4,5,NA,4,107,103,110,109,105,101,NA,NA,NA,NA,102,110,108,106,103,104,NA,NA,NA,NA,5,2,2,5,5,2,3,2,4,2,5,NA,5,NA,1,NA,3,NA,2,4,104,106,NA,6,7,9,NA,9,NA,6,10,3,9,1948,102,101,101,200,200,32090774
2138,47,Agent.12,101,103,105,NA,NA,NA,NA,NA,NA,NA,106,109,110,108,NA,NA,NA,NA,NA,NA,4,NA,5,NA,2,3,NA,5,1,5,109,NA,NA,NA,NA,NA,NA,NA,NA,NA,101,108,110,NA,NA,NA,NA,NA,NA,NA,1,4,2,3,2,3,5,2,3,1,NA,NA,NA,NA,NA,NA,NA,NA,4,NA,109,103,106,NA,6,99,9,99,9,2,7,1,3,1999,102,105,101,300,400,32090820
2150,55,Agent.05,104,109,NA,NA,NA,NA,NA,NA,NA,NA,NA,NA,NA,NA,NA,NA,NA,NA,NA,NA,NA,NA,NA,1,NA,NA,NA,NA,1,NA,102,101,104,110,103,109,105,107,NA,NA,101,107,NA,NA,NA,NA,NA,NA,NA,NA,3,2,1,5,3,4,5,2,5,3,4,1,2,4,3,NA,4,NA,4,2,102,105,106,1,9,2,6,6,2,NA,2,10,1,1966,102,105,101,900,900,32090850
2159,114,Agent.09,107,NA,NA,NA,NA,NA,NA,NA,NA,NA,NA,NA,NA,NA,NA,NA,NA,NA,NA,NA,NA,NA,NA,NA,NA,NA,4,NA,NA,NA,103,108,102,101,104,109,NA,NA,NA,NA,107,102,108,NA,NA,NA,NA,NA,NA,NA,2,1,1,2,1,3,2,1,2,3,2,5,1,1,NA,NA,NA,5,5,NA,103,106,NA,6,8,10,4,10,1,2,5,NA,7,1952,101,101,101,22,33,32090889
2163,59,Agent.09,104,105,102,110,NA,NA,NA,NA,NA,NA,107,108,NA,NA,NA,NA,NA,NA,NA,NA,NA,4,NA,5,2,NA,3,4,NA,4,108,NA,NA,NA,NA,NA,NA,NA,NA,NA,105,106,103,NA,NA,NA,NA,NA,NA,NA,5,2,1,1,3,1,3,4,1,5,NA,NA,NA,NA,NA,NA,NA,2,NA,NA,108,105,103,10,99,4,4,10,7,4,NA,4,4,1935,103,103,101,385,380,32090896
2164,40,Agent.06,108,106,109,101,102,NA,NA,NA,NA,NA,NA,NA,NA,NA,NA,NA,NA,NA,NA,NA,3,5,NA,NA,NA,4,NA,4,2,NA,105,107,101,NA,NA,NA,NA,NA,NA,NA,104,110,NA,NA,NA,NA,NA,NA,NA,NA,1,3,3,2,5,4,1,1,5,5,4,NA,NA,NA,1,NA,2,NA,NA,NA,101,103,108,2,6,9,NA,3,3,1,8,3,3,1978,103,101,101,285,250,32090899
2167,51,Agent.05,106,110,109,NA,NA,NA,NA,NA,NA,NA,101,102,105,103,NA,NA,NA,NA,NA,NA,4,5,4,NA,2,2,NA,NA,4,5,107,101,103,104,109,102,108,NA,NA,NA,106,105,103,109,102,NA,NA,NA,NA,NA,2,2,2,4,3,5,5,1,3,4,3,2,1,1,NA,NA,5,2,2,NA,101,NA,NA,NA,2,2,99,9,99,4,6,10,3,1968,104,101,101,24,24,32090904
2180,59,Agent.15,108,103,NA,NA,NA,NA,NA,NA,NA,NA,105,107,101,NA,NA,NA,NA,NA,NA,NA,4,NA,2,NA,2,NA,5,2,NA,NA,103,110,106,109,101,104,NA,NA,NA,NA,104,108,102,103,NA,NA,NA,NA,NA,NA,3,4,3,4,5,4,1,5,3,3,1,NA,3,3,NA,4,NA,NA,5,2,110,NA,NA,9,8,5,7,1,5,10,NA,2,8,1969,104,104,101,650,650,32091044
2196,53,Agent.13,109,101,NA,NA,NA,NA,NA,NA,NA,NA,108,107,103,105,NA,NA,NA,NA,NA,NA,2,NA,5,NA,2,NA,1,2,4,NA,101,109,107,NA,NA,NA,NA,NA,NA,NA,110,107,103,101,109,108,NA,NA,NA,NA,3,1,1,4,3,3,4,3,1,5,1,NA,NA,NA,NA,NA,4,NA,1,NA,103,NA,NA,4,1,4,7,5,5,10,2,2,3,1984,103,105,101,450,400,32091112
2198,47,Agent.06,105,NA,NA,NA,NA,NA,NA,NA,NA,NA,109,102,107,110,108,NA,NA,NA,NA,NA,NA,1,NA,NA,2,NA,2,3,4,2,108,NA,NA,NA,NA,NA,NA,NA,NA,NA,103,107,104,NA,NA,NA,NA,NA,NA,NA,1,4,1,2,4,1,4,2,1,4,NA,NA,NA,NA,NA,NA,NA,2,NA,NA,108,101,NA,7,7,9,8,4,4,4,1,5,NA,1956,102,104,101,20,20,32091114
2209,47,Agent.06,103,NA,NA,NA,NA,NA,NA,NA,NA,NA,101,102,105,104,NA,NA,NA,NA,NA,NA,4,1,4,5,5,NA,NA,NA,NA,NA,108,104,101,102,110,103,106,NA,NA,NA,108,106,110,102,103,NA,NA,NA,NA,NA,2,3,3,2,2,2,5,3,4,3,4,2,2,2,NA,3,NA,3,NA,5,110,106,NA,3,9,1,6,7,8,2,10,4,7,1960,101,103,101,50,55,32091169
2210,114,Agent.15,NA,NA,NA,NA,NA,NA,NA,NA,NA,NA,102,104,103,105,NA,NA,NA,NA,NA,NA,NA,2,3,4,1,NA,NA,NA,NA,NA,104,103,NA,NA,NA,NA,NA,NA,NA,NA,104,109,102,NA,NA,NA,NA,NA,NA,NA,5,2,3,1,4,5,2,3,4,5,NA,NA,1,1,NA,NA,NA,NA,NA,NA,107,104,NA,3,2,2,2,7,1,6,10,3,2,1985,102,105,101,40,30,32091186
2218,114,Agent.11,108,106,109,NA,NA,NA,NA,NA,NA,NA,101,107,103,102,NA,NA,NA,NA,NA,NA,4,1,1,NA,NA,5,2,4,5,NA,107,102,106,110,NA,NA,NA,NA,NA,NA,108,103,106,109,105,NA,NA,NA,NA,NA,5,3,1,2,2,2,3,2,1,5,NA,4,NA,NA,NA,1,5,NA,NA,3,109,104,NA,4,99,7,6,2,7,9,1,6,7,1955,102,105,101,200,200,32091219
2223,59,Agent.09,101,110,102,NA,NA,NA,NA,NA,NA,NA,106,107,108,109,NA,NA,NA,NA,NA,NA,3,5,NA,NA,NA,2,5,3,4,3,105,107,NA,NA,NA,NA,NA,NA,NA,NA,104,108,107,110,101,103,NA,NA,NA,NA,5,5,2,5,2,1,5,5,3,3,NA,NA,NA,NA,3,NA,2,NA,NA,NA,101,NA,NA,NA,1,3,4,NA,9,7,4,10,8,1980,101,104,101,220,220,32091239
2231,51,Agent.02,110,NA,NA,NA,NA,NA,NA,NA,NA,NA,109,NA,NA,NA,NA,NA,NA,NA,NA,NA,NA,NA,NA,NA,NA,NA,NA,NA,3,2,101,106,104,110,108,NA,NA,NA,NA,NA,103,102,101,106,104,105,NA,NA,NA,NA,2,1,1,5,4,4,3,5,3,3,1,NA,NA,5,NA,4,NA,1,NA,1,109,104,NA,5,10,6,3,6,99,4,10,1,9,1974,104,103,101,334,258,32091251
2262,40,Agent.02,106,NA,NA,NA,NA,NA,NA,NA,NA,NA,110,105,101,NA,NA,NA,NA,NA,NA,NA,1,NA,NA,NA,1,3,NA,NA,NA,4,104,108,NA,NA,NA,NA,NA,NA,NA,NA,103,102,104,NA,NA,NA,NA,NA,NA,NA,1,1,3,1,5,4,2,2,1,1,NA,NA,NA,4,NA,NA,NA,4,NA,NA,104,101,109,6,1,3,NA,NA,5,8,6,1,NA,1970,104,105,101,100,100,32091334
2269,59,Agent.03,103,105,102,101,104,NA,NA,NA,NA,NA,109,110,106,NA,NA,NA,NA,NA,NA,NA,1,1,3,4,2,4,NA,NA,3,3,102,101,104,105,NA,NA,NA,NA,NA,NA,107,105,NA,NA,NA,NA,NA,NA,NA,NA,3,5,4,1,4,4,2,3,1,3,2,5,NA,4,2,NA,NA,NA,NA,NA,107,105,104,4,6,3,4,NA,2,7,6,7,2,1972,104,105,101,250,225,32091341
2270,63,Agent.12,101,NA,NA,NA,NA,NA,NA,NA,NA,NA,110,104,105,103,107,108,102,NA,NA,NA,3,3,3,3,1,NA,5,4,NA,3,109,104,NA,NA,NA,NA,NA,NA,NA,NA,101,105,NA,NA,NA,NA,NA,NA,NA,NA,5,1,2,1,4,2,4,5,1,2,NA,NA,NA,3,NA,NA,NA,NA,3,NA,106,NA,NA,3,5,6,1,10,4,6,NA,5,3,1999,102,104,101,520,500,32091415
2283,114,Agent.05,110,104,NA,NA,NA,NA,NA,NA,NA,NA,107,103,109,102,NA,NA,NA,NA,NA,NA,NA,4,5,3,NA,NA,2,NA,3,2,103,NA,NA,NA,NA,NA,NA,NA,NA,NA,101,109,108,110,103,107,105,106,NA,NA,4,1,4,2,2,4,4,4,5,3,NA,NA,2,NA,NA,NA,NA,NA,NA,NA,107,110,NA,4,6,1,9,6,7,8,10,9,6,1963,102,101,101,16,32,32091432
2291,63,Agent.03,102,106,101,NA,NA,NA,NA,NA,NA,NA,110,108,104,NA,NA,NA,NA,NA,NA,NA,5,3,NA,2,NA,1,NA,1,NA,3,105,NA,NA,NA,NA,NA,NA,NA,NA,NA,103,109,108,110,NA,NA,NA,NA,NA,NA,3,5,3,1,2,5,3,1,2,4,NA,NA,NA,NA,4,NA,NA,NA,NA,NA,105,110,NA,1,10,9,9,10,7,9,9,9,5,1940,102,102,101,NA,NA,32091452
2300,61,Agent.05,106,NA,NA,NA,NA,NA,NA,NA,NA,NA,109,107,105,104,108,110,102,NA,NA,NA,NA,5,NA,4,4,1,2,5,3,4,109,105,110,103,107,NA,NA,NA,NA,NA,104,107,NA,NA,NA,NA,NA,NA,NA,NA,5,2,1,2,2,4,1,4,3,3,NA,NA,4,NA,3,NA,1,NA,3,1,101,NA,NA,8,2,1,9,5,8,8,4,3,10,1957,103,103,101,15,11,32091481
2309,53,Agent.02,107,101,108,105,NA,NA,NA,NA,NA,NA,104,102,106,NA,NA,NA,NA,NA,NA,NA,2,3,NA,5,5,4,3,3,NA,NA,101,107,110,108,109,NA,NA,NA,NA,NA,109,108,107,NA,NA,NA,NA,NA,NA,NA,4,5,1,3,5,2,5,4,1,4,1,NA,NA,NA,NA,NA,5,1,3,5,107,101,NA,5,2,2,10,5,4,NA,3,8,NA,1956,102,103,101,500,450,32091509
2311,51,Agent.12,104,101,NA,NA,NA,NA,NA,NA,NA,NA,108,103,102,NA,NA,NA,NA,NA,NA,NA,2,1,4,5,NA,NA,NA,5,NA,NA,105,101,108,110,NA,NA,NA,NA,NA,NA,101,103,102,106,104,110,NA,NA,NA,NA,5,4,5,5,3,5,4,2,3,4,3,NA,NA,NA,5,NA,NA,1,NA,2,110,NA,NA,4,99,8,99,9,NA,10,3,3,7,1987,103,102,101,364,364,32091536
2316,114,Agent.06,106,NA,NA,NA,NA,NA,NA,NA,NA,NA,107,101,108,109,110,NA,NA,NA,NA,NA,4,NA,NA,NA,NA,1,3,1,3,5,103,110,107,105,108,101,NA,NA,NA,NA,108,107,102,105,106,110,104,NA,NA,NA,3,5,5,5,2,3,2,1,4,1,2,NA,2,NA,4,NA,1,3,NA,2,107,110,NA,9,7,1,2,7,8,7,NA,10,4,1937,104,104,101,11,NA,32091556
2326,53,Agent.03,107,108,NA,NA,NA,NA,NA,NA,NA,NA,106,101,104,NA,NA,NA,NA,NA,NA,NA,2,NA,NA,1,NA,3,1,3,NA,NA,105,104,107,NA,NA,NA,NA,NA,NA,NA,106,108,110,104,102,NA,NA,NA,NA,NA,5,4,5,3,2,2,2,4,1,1,NA,NA,NA,5,4,NA,5,NA,NA,NA,104,105,NA,3,1,3,10,9,99,5,2,3,2,1957,101,103,101,168,168,32091598
2329,51,Agent.05,105,102,NA,NA,NA,NA,NA,NA,NA,NA,101,104,107,103,NA,NA,NA,NA,NA,NA,5,5,2,4,2,NA,3,NA,NA,NA,101,NA,NA,NA,NA,NA,NA,NA,NA,NA,105,103,109,104,110,102,101,106,NA,NA,1,3,2,2,1,2,3,3,5,4,4,NA,NA,NA,NA,NA,NA,NA,NA,NA,103,108,NA,5,5,6,8,5,6,1,5,10,1,1961,104,105,101,NA,NA,32091623
2341,61,Agent.06,109,105,NA,NA,NA,NA,NA,NA,NA,NA,108,103,101,106,110,104,NA,NA,NA,NA,5,NA,1,2,5,1,NA,4,5,2,109,107,108,NA,NA,NA,NA,NA,NA,NA,109,103,110,101,106,105,107,NA,NA,NA,1,3,3,4,4,3,3,4,1,3,NA,NA,NA,NA,NA,NA,4,4,4,NA,104,105,108,2,8,7,1,5,10,5,10,3,7,1964,103,104,101,500,400,32091649
2343,47,Agent.06,101,NA,NA,NA,NA,NA,NA,NA,NA,NA,104,106,110,105,NA,NA,NA,NA,NA,NA,1,NA,NA,4,1,3,NA,NA,NA,2,101,110,108,106,NA,NA,NA,NA,NA,NA,109,103,101,107,NA,NA,NA,NA,NA,NA,5,2,2,2,1,5,2,3,4,3,3,NA,NA,NA,NA,3,NA,2,NA,2,106,101,NA,NA,4,3,99,9,3,10,1,7,1,1979,102,103,101,89,89,32091662
2355,61,Agent.07,104,106,102,103,NA,NA,NA,NA,NA,NA,108,NA,NA,NA,NA,NA,NA,NA,NA,NA,NA,5,5,4,NA,2,NA,1,NA,NA,107,101,109,105,104,NA,NA,NA,NA,NA,104,102,109,NA,NA,NA,NA,NA,NA,NA,5,4,1,4,2,2,2,2,5,1,5,NA,NA,2,4,NA,2,NA,5,NA,110,101,NA,10,2,7,5,10,6,10,4,1,4,1957,101,105,101,100,100,32091681
2420,57,Agent.11,103,102,108,101,NA,NA,NA,NA,NA,NA,110,109,106,104,NA,NA,NA,NA,NA,NA,5,2,4,4,NA,1,NA,1,3,3,102,NA,NA,NA,NA,NA,NA,NA,NA,NA,105,106,102,109,NA,NA,NA,NA,NA,NA,2,1,1,2,1,5,4,2,1,4,NA,3,NA,NA,NA,NA,NA,NA,NA,NA,200,NA,NA,NA,99,NA,8,5,7,6,6,5,8,1980,103,103,101,70,70,32092084
2422,57,Agent.10,108,102,101,104,105,109,NA,NA,NA,NA,110,107,NA,NA,NA,NA,NA,NA,NA,NA,2,1,NA,2,1,NA,5,2,1,5,101,103,110,105,108,102,NA,NA,NA,NA,101,105,103,107,108,NA,NA,NA,NA,NA,4,3,4,2,2,3,5,3,1,1,3,2,5,NA,4,NA,NA,1,NA,4,103,102,101,1,7,2,3,8,NA,7,NA,4,3,1960,104,102,101,50,50,32092098
2432,47,Agent.03,103,NA,NA,NA,NA,NA,NA,NA,NA,NA,105,108,102,106,NA,NA,NA,NA,NA,NA,NA,2,2,NA,2,3,NA,3,NA,NA,108,101,106,103,107,109,105,NA,NA,NA,102,NA,NA,NA,NA,NA,NA,NA,NA,NA,2,1,3,2,4,1,1,3,5,2,5,NA,3,NA,2,4,1,5,2,NA,109,110,NA,2,9,8,1,NA,2,9,NA,NA,1,1966,101,994,101,NA,NA,32092151
2437,114,Agent.06,107,103,102,NA,NA,NA,NA,NA,NA,NA,108,101,NA,NA,NA,NA,NA,NA,NA,NA,2,1,5,NA,NA,NA,2,4,NA,NA,103,105,101,102,NA,NA,NA,NA,NA,NA,107,102,110,106,101,105,NA,NA,NA,NA,5,2,5,2,1,1,5,5,4,4,5,1,5,NA,5,NA,NA,NA,NA,NA,102,106,NA,3,3,99,9,8,2,7,5,5,6,1991,102,103,101,500,500,32092179
2438,40,Agent.02,105,108,110,NA,NA,NA,NA,NA,NA,NA,106,102,101,109,NA,NA,NA,NA,NA,NA,2,1,NA,NA,4,1,NA,2,3,4,107,105,109,110,103,NA,NA,NA,NA,NA,110,102,109,105,NA,NA,NA,NA,NA,NA,2,2,5,2,4,3,5,5,4,3,NA,NA,5,NA,1,NA,4,NA,1,5,104,NA,NA,2,8,99,1,7,NA,3,10,4,9,1955,101,102,101,145,145,32092182
2442,51,Agent.09,108,102,107,110,NA,NA,NA,NA,NA,NA,106,105,104,103,NA,NA,NA,NA,NA,NA,NA,2,5,5,4,2,4,3,NA,4,101,106,102,104,110,109,NA,NA,NA,NA,108,102,NA,NA,NA,NA,NA,NA,NA,NA,1,3,2,5,3,5,4,5,2,2,3,5,NA,5,NA,4,NA,NA,2,4,102,108,NA,7,7,5,3,7,5,7,3,9,1,1948,101,105,101,200,160,32092233
2446,61,Agent.11,106,109,NA,NA,NA,NA,NA,NA,NA,NA,103,104,105,101,NA,NA,NA,NA,NA,NA,4,NA,1,2,2,1,NA,NA,3,NA,103,102,110,101,106,105,NA,NA,NA,NA,104,102,105,110,103,107,NA,NA,NA,NA,2,5,5,3,4,5,1,5,4,2,1,2,1,NA,5,5,NA,NA,NA,1,110,106,NA,8,2,10,5,10,5,5,4,7,NA,1958,104,104,101,100,88,32092237
2452,57,Agent.12,101,106,107,NA,NA,NA,NA,NA,NA,NA,103,104,102,108,NA,NA,NA,NA,NA,NA,5,2,4,1,NA,3,1,2,NA,NA,108,110,106,NA,NA,NA,NA,NA,NA,NA,103,106,101,110,102,104,105,NA,NA,NA,2,5,3,2,3,5,2,3,3,5,NA,NA,NA,NA,NA,3,NA,4,NA,4,102,NA,NA,1,2,9,9,NA,9,3,3,6,4,1987,102,101,101,700,580,32092245
2457,45,Agent.06,106,105,NA,NA,NA,NA,NA,NA,NA,NA,109,NA,NA,NA,NA,NA,NA,NA,NA,NA,NA,NA,NA,NA,1,1,NA,NA,3,NA,108,103,107,NA,NA,NA,NA,NA,NA,NA,104,106,110,NA,NA,NA,NA,NA,NA,NA,2,5,5,1,5,2,4,1,1,2,NA,NA,1,NA,NA,NA,3,2,NA,NA,105,101,107,2,NA,NA,2,6,10,2,9,2,4,1956,103,101,101,11,11,32092257
2479,45,Agent.13,106,NA,NA,NA,NA,NA,NA,NA,NA,NA,107,108,105,NA,NA,NA,NA,NA,NA,NA,NA,NA,NA,NA,5,4,1,5,NA,NA,101,104,105,103,106,108,102,NA,NA,NA,101,109,110,106,NA,NA,NA,NA,NA,NA,4,4,5,1,3,4,5,1,2,3,3,2,1,2,5,1,NA,3,NA,NA,101,NA,NA,4,6,3,2,9,NA,5,5,2,9,1982,101,102,101,350,420,32092303
2484,47,Agent.10,103,105,109,110,101,NA,NA,NA,NA,NA,104,NA,NA,NA,NA,NA,NA,NA,NA,NA,4,NA,4,2,3,NA,NA,NA,4,2,107,106,102,105,NA,NA,NA,NA,NA,NA,107,NA,NA,NA,NA,NA,NA,NA,NA,NA,5,4,1,3,4,5,1,1,1,3,NA,5,NA,NA,5,5,3,NA,NA,NA,105,NA,NA,NA,5,8,9,3,1,9,8,9,7,1963,103,103,101,95,88,32092309
2489,114,Agent.15,109,101,NA,NA,NA,NA,NA,NA,NA,NA,102,106,108,107,110,NA,NA,NA,NA,NA,1,5,NA,NA,NA,5,1,2,3,1,104,NA,NA,NA,NA,NA,NA,NA,NA,NA,105,103,109,101,102,NA,NA,NA,NA,NA,5,4,1,1,3,5,4,3,4,4,NA,NA,NA,2,NA,NA,NA,NA,NA,NA,110,103,NA,10,2,10,4,3,6,4,5,8,7,1957,101,103,101,44,80,32092323
2500,47,Agent.06,107,NA,NA,NA,NA,NA,NA,NA,NA,NA,108,106,NA,NA,NA,NA,NA,NA,NA,NA,NA,NA,NA,NA,NA,5,5,2,NA,NA,103,NA,NA,NA,NA,NA,NA,NA,NA,NA,102,103,104,109,107,108,NA,NA,NA,NA,2,2,1,1,2,3,3,3,4,3,NA,NA,1,NA,NA,NA,NA,NA,NA,NA,108,104,NA,1,6,7,5,8,99,10,5,3,NA,1944,101,103,101,550,550,32092344
2504,53,Agent.12,109,108,NA,NA,NA,NA,NA,NA,NA,NA,102,105,NA,NA,NA,NA,NA,NA,NA,NA,NA,NA,NA,NA,1,NA,NA,3,1,NA,102,104,101,109,108,106,NA,NA,NA,NA,103,107,102,108,109,NA,NA,NA,NA,NA,5,4,4,5,1,4,1,2,2,5,3,2,NA,5,NA,3,NA,5,2,NA,200,NA,NA,5,10,4,2,4,7,2,8,3,2,1977,101,101,101,60,80,32092355
2509,59,Agent.10,102,104,107,109,NA,NA,NA,NA,NA,NA,110,106,108,101,NA,NA,NA,NA,NA,NA,2,2,NA,4,NA,5,1,2,3,2,110,106,101,102,NA,NA,NA,NA,NA,NA,110,103,105,107,108,NA,NA,NA,NA,NA,5,4,5,3,2,3,2,5,3,1,5,4,NA,NA,NA,5,NA,NA,NA,5,107,105,NA,1,6,10,NA,6,1,8,3,8,2,1978,103,104,101,40,60,32092360
2520,47,Agent.12,104,109,NA,NA,NA,NA,NA,NA,NA,NA,102,108,NA,NA,NA,NA,NA,NA,NA,NA,NA,1,NA,2,NA,NA,NA,1,2,NA,110,101,104,108,NA,NA,NA,NA,NA,NA,101,102,NA,NA,NA,NA,NA,NA,NA,NA,2,1,3,3,2,3,1,3,4,3,5,NA,NA,2,NA,NA,NA,2,NA,2,101,106,NA,NA,8,7,4,2,1,10,NA,8,7,1938,103,104,101,20,20,32092368
2527,45,Agent.11,101,NA,NA,NA,NA,NA,NA,NA,NA,NA,108,105,109,104,107,106,NA,NA,NA,NA,1,NA,NA,4,3,2,3,3,1,NA,101,107,104,108,NA,NA,NA,NA,NA,NA,109,NA,NA,NA,NA,NA,NA,NA,NA,NA,5,2,5,5,1,1,2,5,3,1,5,NA,NA,1,NA,NA,1,2,NA,NA,101,NA,NA,6,9,9,NA,8,8,3,4,3,6,1991,104,104,101,10,10,32092376
2537,55,Agent.02,107,NA,NA,NA,NA,NA,NA,NA,NA,NA,109,110,NA,NA,NA,NA,NA,NA,NA,NA,NA,NA,NA,NA,NA,NA,3,NA,1,2,105,108,102,109,107,101,NA,NA,NA,NA,107,108,102,NA,NA,NA,NA,NA,NA,NA,5,4,5,3,4,4,5,1,4,1,4,1,NA,NA,3,NA,3,5,4,NA,107,NA,NA,1,9,9,1,4,3,7,2,6,8,1944,104,104,101,600,430,32092393
2538,47,Agent.03,103,102,108,107,NA,NA,NA,NA,NA,NA,106,NA,NA,NA,NA,NA,NA,NA,NA,NA,NA,2,3,NA,NA,5,3,3,NA,NA,104,103,109,106,NA,NA,NA,NA,NA,NA,107,101,102,106,NA,NA,NA,NA,NA,NA,3,2,5,3,2,1,4,4,5,5,NA,NA,1,2,NA,3,NA,NA,3,NA,102,NA,NA,99,8,6,99,6,8,10,2,8,6,1957,103,105,101,400,350,32092403
2545,61,Agent.13,109,NA,NA,NA,NA,NA,NA,NA,NA,NA,102,104,110,NA,NA,NA,NA,NA,NA,NA,NA,5,NA,5,NA,NA,NA,NA,5,4,105,NA,NA,NA,NA,NA,NA,NA,NA,NA,107,110,NA,NA,NA,NA,NA,NA,NA,NA,5,2,1,2,1,3,2,4,3,2,NA,NA,NA,NA,4,NA,NA,NA,NA,NA,103,105,NA,1,2,1,4,NA,10,8,9,4,8,1945,102,102,101,400,320,32092411
2549,40,Agent.02,103,104,108,106,NA,NA,NA,NA,NA,NA,101,107,110,NA,NA,NA,NA,NA,NA,NA,5,NA,1,5,NA,4,3,5,NA,4,108,104,102,106,NA,NA,NA,NA,NA,NA,109,106,NA,NA,NA,NA,NA,NA,NA,NA,2,4,4,3,1,1,3,2,1,2,NA,3,NA,5,NA,4,NA,5,NA,NA,108,106,109,2,2,6,2,5,6,1,5,8,2,1937,104,101,101,280,280,32092416
2563,47,Agent.12,104,NA,NA,NA,NA,NA,NA,NA,NA,NA,105,106,NA,NA,NA,NA,NA,NA,NA,NA,NA,NA,NA,3,2,1,NA,NA,NA,NA,104,107,NA,NA,NA,NA,NA,NA,NA,NA,107,NA,NA,NA,NA,NA,NA,NA,NA,NA,3,3,5,3,5,4,1,3,5,3,NA,NA,NA,2,NA,NA,3,NA,NA,NA,104,109,NA,1,8,3,5,NA,9,9,4,NA,1,1982,101,103,101,60,70,32092521
2568,40,Agent.02,106,108,103,NA,NA,NA,NA,NA,NA,NA,107,NA,NA,NA,NA,NA,NA,NA,NA,NA,NA,NA,3,NA,NA,1,2,5,NA,NA,102,104,101,108,110,NA,NA,NA,NA,NA,108,109,101,104,107,NA,NA,NA,NA,NA,5,5,2,1,5,1,4,4,4,1,4,3,NA,1,NA,NA,NA,4,NA,1,109,102,NA,9,7,8,10,1,1,8,10,7,7,1936,103,105,101,200,300,32092529
2571,55,Agent.07,104,NA,NA,NA,NA,NA,NA,NA,NA,NA,102,106,107,110,NA,NA,NA,NA,NA,NA,NA,5,NA,2,NA,5,4,NA,NA,5,107,105,109,104,108,NA,NA,NA,NA,NA,102,107,101,NA,NA,NA,NA,NA,NA,NA,1,3,4,5,2,3,1,3,5,5,NA,NA,NA,5,1,NA,4,1,1,NA,109,NA,NA,10,4,3,2,8,10,7,10,3,8,1948,102,103,101,500,500,32090206
2574,45,Agent.11,102,104,NA,NA,NA,NA,NA,NA,NA,NA,107,106,110,109,NA,NA,NA,NA,NA,NA,NA,3,NA,5,NA,5,5,NA,5,5,107,110,105,109,103,106,104,NA,NA,NA,106,101,108,107,109,110,105,NA,NA,NA,5,3,5,1,1,4,4,2,2,3,NA,NA,2,3,4,4,4,NA,4,2,103,109,NA,99,3,2,1,2,99,7,3,10,8,1959,103,101,101,113,168,32090214
2603,61,Agent.13,105,108,106,NA,NA,NA,NA,NA,NA,NA,109,102,103,104,107,101,NA,NA,NA,NA,3,4,5,5,1,3,2,1,2,NA,105,103,109,102,101,104,NA,NA,NA,NA,109,101,105,103,104,107,NA,NA,NA,NA,5,1,1,5,1,2,1,5,4,1,2,1,3,5,5,NA,NA,NA,3,NA,107,108,101,NA,99,1,8,2,10,7,10,8,9,1982,104,102,101,266,230,32090305
2613,47,Agent.02,103,105,104,101,NA,NA,NA,NA,NA,NA,102,110,NA,NA,NA,NA,NA,NA,NA,NA,4,5,2,5,3,NA,NA,NA,NA,1,102,108,101,103,104,110,109,NA,NA,NA,101,107,110,108,105,109,NA,NA,NA,NA,1,2,1,1,3,5,3,3,5,4,2,1,2,5,NA,NA,NA,5,5,2,105,NA,NA,6,1,2,9,4,3,4,7,4,1,1942,102,101,101,35,35,32090344
2628,114,Agent.12,105,NA,NA,NA,NA,NA,NA,NA,NA,NA,110,103,108,106,101,NA,NA,NA,NA,NA,1,NA,3,NA,4,3,NA,1,NA,4,106,109,110,NA,NA,NA,NA,NA,NA,NA,103,109,107,110,106,104,105,NA,NA,NA,1,3,2,3,4,1,2,5,2,3,NA,NA,NA,NA,NA,4,NA,NA,2,1,108,NA,NA,9,4,6,6,99,1,1,5,8,7,1990,102,103,101,15,15,32090401
2631,63,Agent.03,109,102,NA,NA,NA,NA,NA,NA,NA,NA,106,104,105,NA,NA,NA,NA,NA,NA,NA,NA,1,NA,1,2,2,NA,NA,4,NA,110,108,109,103,NA,NA,NA,NA,NA,NA,108,107,109,106,105,104,NA,NA,NA,NA,2,3,1,2,4,3,5,3,3,3,NA,NA,2,NA,NA,NA,NA,3,2,1,106,NA,NA,2,9,6,10,4,10,8,1,4,NA,1961,101,103,101,NA,NA,32090407
2634,40,Agent.15,110,NA,NA,NA,NA,NA,NA,NA,NA,NA,109,102,105,104,101,NA,NA,NA,NA,NA,4,4,NA,4,3,NA,NA,NA,2,5,102,109,104,106,105,NA,NA,NA,NA,NA,108,110,109,107,102,105,106,NA,NA,NA,2,1,5,5,2,5,5,3,2,2,NA,5,NA,5,4,3,NA,NA,3,NA,103,NA,NA,4,5,3,7,8,10,4,7,NA,NA,1970,102,105,101,590,548,32090410
2638,55,Agent.09,103,102,NA,NA,NA,NA,NA,NA,NA,NA,109,NA,NA,NA,NA,NA,NA,NA,NA,NA,NA,1,2,NA,NA,NA,NA,NA,5,NA,105,NA,NA,NA,NA,NA,NA,NA,NA,NA,109,NA,NA,NA,NA,NA,NA,NA,NA,NA,1,1,3,3,1,5,5,4,5,3,NA,NA,NA,NA,5,NA,NA,NA,NA,NA,101,NA,NA,99,10,8,5,4,2,8,1,8,8,1952,102,103,101,25,NA,32090422
2643,63,Agent.15,110,109,NA,NA,NA,NA,NA,NA,NA,NA,108,NA,NA,NA,NA,NA,NA,NA,NA,NA,NA,NA,NA,NA,NA,NA,NA,5,3,3,106,105,103,109,108,107,101,110,NA,NA,106,NA,NA,NA,NA,NA,NA,NA,NA,NA,4,3,1,1,1,2,3,1,5,3,2,NA,3,NA,2,2,5,4,4,4,107,NA,NA,2,2,1,6,4,8,NA,5,6,9,1992,104,101,101,300,350,32090435
2647,47,Agent.06,106,104,NA,NA,NA,NA,NA,NA,NA,NA,107,105,108,NA,NA,NA,NA,NA,NA,NA,NA,NA,NA,3,2,3,1,3,NA,NA,110,106,108,104,NA,NA,NA,NA,NA,NA,104,108,109,103,105,NA,NA,NA,NA,NA,2,1,3,4,4,2,4,3,4,1,NA,NA,NA,4,NA,4,NA,4,NA,5,200,NA,NA,1,6,4,99,10,NA,2,NA,8,9,1954,103,101,101,200,200,32090451
2660,55,Agent.02,105,104,NA,NA,NA,NA,NA,NA,NA,NA,109,NA,NA,NA,NA,NA,NA,NA,NA,NA,NA,NA,NA,5,2,NA,NA,NA,3,NA,101,102,106,NA,NA,NA,NA,NA,NA,NA,109,103,102,108,110,101,NA,NA,NA,NA,2,3,3,4,3,2,2,2,4,5,1,1,NA,NA,NA,3,NA,NA,NA,NA,108,NA,NA,8,4,8,3,7,2,8,9,9,NA,1951,102,103,101,220,220,32090461
2670,51,Agent.03,110,NA,NA,NA,NA,NA,NA,NA,NA,NA,111,NA,NA,NA,NA,NA,NA,NA,NA,NA,NA,NA,NA,NA,NA,NA,NA,NA,NA,5,101,110,105,103,107,NA,NA,NA,NA,NA,105,101,104,103,109,107,NA,NA,NA,NA,5,4,1,1,3,2,2,2,5,4,1,NA,3,NA,2,NA,5,NA,NA,3,106,NA,NA,99,6,1,6,8,9,6,10,10,8,1966,104,102,101,100,100,32090474
2674,114,Agent.15,101,103,NA,NA,NA,NA,NA,NA,NA,NA,102,104,NA,NA,NA,NA,NA,NA,NA,NA,4,1,3,2,NA,NA,NA,NA,NA,NA,106,110,NA,NA,NA,NA,NA,NA,NA,NA,110,109,106,102,101,105,107,NA,NA,NA,5,5,2,5,3,4,3,4,5,5,NA,NA,NA,NA,NA,1,NA,NA,NA,4,110,109,103,10,5,1,2,99,7,4,7,9,9,1978,101,103,101,NA,NA,32090481
2685,114,Agent.13,101,110,107,NA,NA,NA,NA,NA,NA,NA,106,103,102,108,NA,NA,NA,NA,NA,NA,5,5,2,NA,NA,4,1,1,NA,4,108,NA,NA,NA,NA,NA,NA,NA,NA,NA,105,101,106,109,102,NA,NA,NA,NA,NA,4,1,4,1,5,2,5,4,2,5,NA,NA,NA,NA,NA,NA,NA,5,NA,NA,105,NA,NA,1,5,5,2,10,8,2,5,1,4,1949,104,104,101,70,70,32090493
2688,61,Agent.06,102,107,108,NA,NA,NA,NA,NA,NA,NA,103,105,NA,NA,NA,NA,NA,NA,NA,NA,NA,2,5,NA,2,NA,3,5,NA,NA,101,108,106,107,109,105,NA,NA,NA,NA,106,103,107,110,109,NA,NA,NA,NA,NA,3,5,1,1,4,2,3,5,5,4,1,NA,NA,NA,1,3,1,2,4,NA,104,102,101,4,4,99,3,3,6,4,6,2,4,1984,104,105,101,100,89,32090506
2703,47,Agent.06,101,106,110,NA,NA,NA,NA,NA,NA,NA,104,103,109,NA,NA,NA,NA,NA,NA,NA,1,NA,4,4,NA,4,NA,NA,2,5,108,109,105,106,103,NA,NA,NA,NA,NA,104,106,109,101,108,105,NA,NA,NA,NA,4,4,5,3,4,5,1,5,4,3,NA,NA,1,NA,1,5,NA,5,3,NA,106,102,NA,4,1,99,5,4,10,4,8,5,9,1985,102,105,101,800,NA,32090542
2707,61,Agent.10,109,104,106,NA,NA,NA,NA,NA,NA,NA,101,102,103,NA,NA,NA,NA,NA,NA,NA,1,2,3,5,NA,4,NA,NA,5,NA,102,103,101,110,NA,NA,NA,NA,NA,NA,110,108,NA,NA,NA,NA,NA,NA,NA,NA,3,5,5,5,1,1,1,5,3,4,5,2,4,NA,NA,NA,NA,NA,NA,1,108,103,NA,2,2,9,99,NA,5,NA,1,4,4,1953,104,103,101,260,520,32090559
2712,59,Agent.02,104,105,NA,NA,NA,NA,NA,NA,NA,NA,101,103,NA,NA,NA,NA,NA,NA,NA,NA,2,NA,3,4,1,NA,NA,NA,NA,NA,103,102,104,110,105,NA,NA,NA,NA,NA,102,108,NA,NA,NA,NA,NA,NA,NA,NA,2,1,5,4,3,3,1,3,4,1,NA,1,4,1,4,NA,NA,NA,NA,3,101,110,107,3,99,10,NA,1,5,5,4,3,5,1979,103,104,101,150,150,32090576
2716,55,Agent.02,106,107,101,102,NA,NA,NA,NA,NA,NA,108,110,109,104,105,NA,NA,NA,NA,NA,5,3,NA,2,3,2,2,3,1,3,105,NA,NA,NA,NA,NA,NA,NA,NA,NA,101,103,NA,NA,NA,NA,NA,NA,NA,NA,2,2,5,1,5,2,1,2,2,1,NA,NA,NA,NA,5,NA,NA,NA,NA,NA,105,103,NA,1,6,7,7,10,9,6,2,2,10,1982,103,101,101,10,10,32090593
2719,59,Agent.12,105,103,106,NA,NA,NA,NA,NA,NA,NA,102,NA,NA,NA,NA,NA,NA,NA,NA,NA,NA,1,1,NA,4,4,NA,NA,NA,NA,107,110,106,104,105,108,109,NA,NA,NA,108,103,106,NA,NA,NA,NA,NA,NA,NA,5,4,5,2,2,2,5,3,2,5,NA,NA,NA,5,4,2,3,3,4,3,103,109,104,2,2,3,99,6,1,7,NA,NA,6,1966,104,101,101,145,145,32090606
2727,53,Agent.09,107,105,NA,NA,NA,NA,NA,NA,NA,NA,104,NA,NA,NA,NA,NA,NA,NA,NA,NA,NA,NA,NA,4,3,NA,5,NA,NA,NA,104,105,106,110,109,NA,NA,NA,NA,NA,106,103,110,NA,NA,NA,NA,NA,NA,NA,5,2,4,4,3,1,4,1,2,4,NA,NA,NA,4,4,3,NA,NA,5,1,106,NA,NA,9,1,7,5,4,8,NA,3,3,1,1972,103,103,101,NA,NA,32090650
2744,55,Agent.11,107,NA,NA,NA,NA,NA,NA,NA,NA,NA,105,106,102,109,NA,NA,NA,NA,NA,NA,NA,1,NA,NA,1,3,1,NA,4,NA,105,102,103,101,109,106,NA,NA,NA,NA,103,102,104,101,106,NA,NA,NA,NA,NA,4,2,3,2,2,1,5,2,5,5,1,5,5,NA,5,5,NA,NA,2,NA,108,NA,NA,8,3,99,7,1,4,5,10,NA,10,1983,102,101,101,152,152,32090697
2750,59,Agent.15,103,NA,NA,NA,NA,NA,NA,NA,NA,NA,101,105,106,NA,NA,NA,NA,NA,NA,NA,1,NA,5,NA,1,3,NA,NA,NA,NA,102,110,101,106,104,107,109,NA,NA,NA,104,110,105,109,102,NA,NA,NA,NA,NA,2,5,5,1,3,5,5,2,NA,1,5,4,NA,3,NA,4,3,NA,3,4,110,105,NA,1,3,3,4,7,1,2,NA,7,8,1981,102,102,101,300,250,32090749
2769,61,Agent.10,104,105,106,NA,NA,NA,NA,NA,NA,NA,107,109,103,NA,NA,NA,NA,NA,NA,NA,NA,NA,3,3,4,3,1,NA,5,NA,102,110,109,104,101,106,NA,NA,NA,NA,110,101,105,104,108,NA,NA,NA,NA,NA,4,1,5,5,3,5,1,1,1,3,5,5,NA,5,NA,5,NA,NA,3,1,106,109,108,NA,5,1,8,6,5,NA,7,5,6,1941,101,104,101,389,360,32090802
2773,59,Agent.12,106,NA,NA,NA,NA,NA,NA,NA,NA,NA,109,108,105,107,110,102,NA,NA,NA,NA,NA,2,NA,NA,3,4,2,3,2,2,101,105,107,NA,NA,NA,NA,NA,NA,NA,106,107,NA,NA,NA,NA,NA,NA,NA,NA,2,1,3,4,2,4,1,4,5,4,2,NA,NA,NA,1,NA,3,NA,NA,NA,103,104,106,9,10,8,2,10,10,3,9,4,9,1962,104,103,101,NA,NA,32090820
2780,114,Agent.12,101,102,NA,NA,NA,NA,NA,NA,NA,NA,103,109,105,104,106,NA,NA,NA,NA,NA,4,2,5,2,3,1,NA,NA,3,NA,103,NA,NA,NA,NA,NA,NA,NA,NA,NA,101,108,104,110,NA,NA,NA,NA,NA,NA,5,2,3,2,1,1,1,1,2,4,NA,NA,3,NA,NA,NA,NA,NA,NA,NA,104,106,NA,1,6,2,6,NA,3,8,9,9,7,1941,102,101,101,700,800,32090843
2790,55,Agent.11,106,110,NA,NA,NA,NA,NA,NA,NA,NA,108,NA,NA,NA,NA,NA,NA,NA,NA,NA,NA,NA,NA,NA,NA,4,NA,4,NA,3,105,103,101,NA,NA,NA,NA,NA,NA,NA,101,106,105,110,NA,NA,NA,NA,NA,NA,5,4,5,4,1,2,1,3,4,3,4,NA,3,NA,4,NA,NA,NA,NA,NA,104,106,105,2,99,10,6,99,1,2,5,6,7,1971,104,105,101,260,150,32090884
2795,63,Agent.03,103,110,NA,NA,NA,NA,NA,NA,NA,NA,107,106,NA,NA,NA,NA,NA,NA,NA,NA,NA,NA,2,NA,NA,5,3,NA,NA,5,101,104,103,106,110,108,NA,NA,NA,NA,105,110,103,108,101,109,107,102,106,NA,3,2,5,4,4,5,4,4,3,2,1,NA,2,3,NA,4,NA,1,NA,1,108,110,105,99,2,1,9,1,9,8,1,6,5,1951,101,104,101,30,60,32090896
2798,61,Agent.10,101,NA,NA,NA,NA,NA,NA,NA,NA,NA,102,103,NA,NA,NA,NA,NA,NA,NA,NA,5,4,1,NA,NA,NA,NA,NA,NA,NA,110,107,105,102,NA,NA,NA,NA,NA,NA,110,NA,NA,NA,NA,NA,NA,NA,NA,NA,5,4,5,2,1,3,1,2,1,5,NA,1,NA,NA,3,NA,5,NA,NA,1,200,NA,NA,4,5,5,6,4,5,7,6,2,1,1957,103,104,101,50,50,32090899
2801,47,Agent.15,109,NA,NA,NA,NA,NA,NA,NA,NA,NA,108,104,102,NA,NA,NA,NA,NA,NA,NA,NA,3,NA,3,NA,NA,NA,1,5,NA,109,105,107,102,106,104,101,NA,NA,NA,102,110,101,NA,NA,NA,NA,NA,NA,NA,4,2,4,1,2,2,1,4,1,3,1,5,NA,4,5,3,1,NA,5,NA,109,101,NA,1,9,6,7,1,7,4,2,8,2,1997,103,102,101,618,580,32090904
2804,45,Agent.11,109,102,NA,NA,NA,NA,NA,NA,NA,NA,104,103,108,107,105,NA,NA,NA,NA,NA,NA,2,3,5,4,NA,5,4,4,NA,106,101,NA,NA,NA,NA,NA,NA,NA,NA,109,106,108,103,105,NA,NA,NA,NA,NA,3,4,2,2,1,5,2,5,5,2,4,NA,NA,NA,NA,2,NA,NA,NA,NA,109,NA,NA,6,4,5,8,5,9,4,10,5,5,1995,101,103,101,270,270,32090921
2809,59,Agent.10,107,105,NA,NA,NA,NA,NA,NA,NA,NA,102,108,110,NA,NA,NA,NA,NA,NA,NA,NA,1,NA,NA,3,NA,3,3,NA,1,110,103,101,108,NA,NA,NA,NA,NA,NA,104,NA,NA,NA,NA,NA,NA,NA,NA,NA,4,3,NA,5,3,3,4,5,2,5,4,NA,1,NA,NA,NA,NA,2,NA,5,106,NA,NA,7,10,6,4,10,6,2,4,7,1,1989,102,105,101,500,500,32090935
2815,45,Agent.02,103,NA,NA,NA,NA,NA,NA,NA,NA,NA,106,109,107,108,NA,NA,NA,NA,NA,NA,NA,NA,1,NA,NA,2,3,2,1,NA,109,105,103,110,101,108,NA,NA,NA,NA,106,110,109,108,105,107,NA,NA,NA,NA,2,5,2,4,1,3,1,4,5,2,4,NA,3,NA,1,NA,NA,5,3,3,106,101,103,9,6,6,6,9,1,2,6,5,1,1949,103,104,101,NA,NA,32091044
2822,114,Agent.03,103,102,NA,NA,NA,NA,NA,NA,NA,NA,107,101,108,109,105,NA,NA,NA,NA,NA,2,4,1,NA,1,NA,3,4,2,NA,110,101,105,104,108,109,106,NA,NA,NA,107,104,102,105,106,108,NA,NA,NA,NA,2,4,1,4,1,5,4,3,1,4,5,NA,NA,3,2,2,NA,4,5,5,107,110,NA,3,2,1,5,1,1,7,2,6,9,1967,103,104,101,170,260,32091077
2824,61,Agent.13,104,109,107,102,NA,NA,NA,NA,NA,NA,110,106,108,NA,NA,NA,NA,NA,NA,NA,NA,3,NA,2,NA,2,5,5,3,1,110,106,107,NA,NA,NA,NA,NA,NA,NA,110,104,109,NA,NA,NA,NA,NA,NA,NA,4,4,5,4,5,2,2,2,4,4,NA,NA,NA,NA,NA,4,1,NA,NA,3,102,103,NA,5,6,6,7,NA,6,9,4,10,3,1987,103,104,101,20,NA,32091095
2832,40,Agent.05,101,NA,NA,NA,NA,NA,NA,NA,NA,NA,102,103,104,109,NA,NA,NA,NA,NA,NA,2,5,1,1,NA,NA,NA,NA,2,NA,108,109,103,110,104,105,NA,NA,NA,NA,109,105,110,108,NA,NA,NA,NA,NA,NA,4,2,2,2,3,1,1,3,5,1,NA,NA,1,3,5,NA,NA,5,3,4,110,108,NA,1,99,99,9,1,2,3,8,6,9,1994,104,105,101,60,60,32091112
2835,51,Agent.09,107,102,NA,NA,NA,NA,NA,NA,NA,NA,101,110,NA,NA,NA,NA,NA,NA,NA,NA,4,4,NA,NA,NA,NA,2,NA,NA,2,108,102,106,107,109,101,NA,NA,NA,NA,102,103,101,NA,NA,NA,NA,NA,NA,NA,5,4,5,2,2,4,2,3,4,3,1,1,NA,NA,NA,2,4,2,3,NA,101,108,102,1,10,4,10,1,99,7,2,5,9,1953,103,105,101,599,500,32091114
2837,51,Agent.07,105,NA,NA,NA,NA,NA,NA,NA,NA,NA,102,NA,NA,NA,NA,NA,NA,NA,NA,NA,NA,5,NA,NA,1,NA,NA,NA,NA,NA,104,102,107,NA,NA,NA,NA,NA,NA,NA,103,NA,NA,NA,NA,NA,NA,NA,NA,NA,3,3,3,1,3,3,4,2,3,3,NA,5,NA,3,NA,NA,2,NA,NA,NA,101,106,108,99,99,6,7,5,7,6,8,3,1,1966,103,101,101,100,100,32091126
2853,59,Agent.06,110,103,108,NA,NA,NA,NA,NA,NA,NA,109,NA,NA,NA,NA,NA,NA,NA,NA,NA,NA,NA,3,NA,NA,NA,NA,1,4,2,102,103,106,105,NA,NA,NA,NA,NA,NA,106,107,NA,NA,NA,NA,NA,NA,NA,NA,4,1,2,1,4,1,2,1,4,3,NA,2,2,NA,3,5,NA,NA,NA,NA,108,102,NA,NA,7,6,6,7,4,10,5,5,4,1967,104,101,101,NA,NA,32091219
2862,57,Agent.02,110,NA,NA,NA,NA,NA,NA,NA,NA,NA,109,108,107,NA,NA,NA,NA,NA,NA,NA,NA,NA,NA,NA,NA,NA,1,1,3,4,103,106,104,NA,NA,NA,NA,NA,NA,NA,101,108,107,NA,NA,NA,NA,NA,NA,NA,2,2,3,5,5,3,5,4,3,3,NA,NA,5,4,NA,2,NA,NA,NA,NA,103,105,109,8,1,10,6,5,6,10,6,6,10,1992,104,101,101,10,30,32091245
2868,40,Agent.10,107,110,106,NA,NA,NA,NA,NA,NA,NA,109,NA,NA,NA,NA,NA,NA,NA,NA,NA,NA,NA,NA,NA,NA,1,3,NA,1,1,107,104,110,101,NA,NA,NA,NA,NA,NA,103,101,108,105,104,NA,NA,NA,NA,NA,2,3,3,3,3,3,2,1,5,5,5,NA,NA,5,NA,NA,5,NA,NA,2,109,106,101,8,6,6,6,8,1,2,2,NA,8,1996,104,101,101,NA,NA,32091257
2871,57,Agent.06,101,110,NA,NA,NA,NA,NA,NA,NA,NA,102,103,NA,NA,NA,NA,NA,NA,NA,NA,1,2,3,NA,NA,NA,NA,NA,NA,2,110,109,106,107,NA,NA,NA,NA,NA,NA,107,109,110,108,106,103,NA,NA,NA,NA,4,1,4,3,1,3,5,4,4,1,NA,NA,NA,NA,NA,5,2,NA,1,3,200,NA,NA,7,1,9,10,10,6,4,10,6,6,1940,102,102,101,800,650,32091271
2879,51,Agent.03,108,104,NA,NA,NA,NA,NA,NA,NA,NA,102,109,105,NA,NA,NA,NA,NA,NA,NA,NA,3,NA,3,1,NA,NA,3,1,NA,108,102,110,NA,NA,NA,NA,NA,NA,NA,108,104,106,101,NA,NA,NA,NA,NA,NA,2,1,3,4,1,2,5,4,4,5,NA,4,NA,NA,NA,NA,NA,5,NA,3,110,103,NA,1,99,6,3,2,2,2,8,1,6,1962,102,104,101,390,520,32091292
2880,63,Agent.11,101,110,109,104,108,106,NA,NA,NA,NA,102,105,103,107,NA,NA,NA,NA,NA,NA,1,3,5,1,4,3,4,2,5,5,109,107,101,106,103,NA,NA,NA,NA,NA,109,NA,NA,NA,NA,NA,NA,NA,NA,NA,1,5,1,1,1,4,5,1,4,4,2,NA,3,NA,NA,3,2,NA,2,NA,110,109,NA,1,2,9,2,10,5,5,2,10,10,1997,101,101,101,60,90,32091312
2882,55,Agent.07,106,NA,NA,NA,NA,NA,NA,NA,NA,NA,109,110,107,NA,NA,NA,NA,NA,NA,NA,NA,NA,NA,NA,NA,5,4,NA,3,4,101,110,NA,NA,NA,NA,NA,NA,NA,NA,107,101,110,NA,NA,NA,NA,NA,NA,NA,4,1,1,3,1,1,5,3,3,2,3,NA,NA,NA,NA,NA,NA,NA,NA,5,104,102,NA,NA,4,4,7,5,1,4,10,7,1,1979,103,105,101,700,700,32091322
2886,57,Agent.05,108,101,NA,NA,NA,NA,NA,NA,NA,NA,106,102,NA,NA,NA,NA,NA,NA,NA,NA,2,3,NA,NA,NA,3,NA,2,NA,NA,106,107,104,NA,NA,NA,NA,NA,NA,NA,103,107,105,110,106,109,NA,NA,NA,NA,5,5,2,3,1,4,2,3,5,3,NA,NA,NA,4,NA,2,1,NA,NA,NA,106,107,101,6,9,4,3,2,3,4,1,4,NA,1988,102,102,101,320,460,32091326
